<?xml version='1.0' encoding='UTF-8'?>
<metadata>

<additionalName><date>25-6-2009</date><format>bytestream</format><name>nl_1860.dbf</name><size>88926</size></additionalName>

<additionalName><date>25-6-2009</date><format>bytestream</format><name>nl_1860.sbn</name><size>12228</size></additionalName>

<additionalName><date>25-6-2009</date><format>bytestream</format><name>nl_1860.sbx</name><size>1100</size></additionalName>

<additionalName><date>25-6-2009</date><format>bytestream</format><name>nl_1860.shp</name><size>525000</size></additionalName>

<additionalName><date>25-6-2009</date><format>bytestream</format><name>nl_1860.shx</name><size>9204</size></additionalName>

<additionalName><date>25-6-2009</date><format>bytestream</format><name>nl_1861.dbf</name><size>88926</size></additionalName>

<additionalName><date>25-6-2009</date><format>bytestream</format><name>nl_1861.sbn</name><size>12228</size></additionalName>

<additionalName><date>25-6-2009</date><format>bytestream</format><name>nl_1861.sbx</name><size>1100</size></additionalName>

<additionalName><date>25-6-2009</date><format>bytestream</format><name>nl_1861.shp</name><size>525000</size></additionalName>

<additionalName><date>25-6-2009</date><format>bytestream</format><name>nl_1861.shx</name><size>9204</size></additionalName>

<additionalName><date>25-6-2009</date><format>bytestream</format><name>nl_1862.dbf</name><size>88926</size></additionalName>

<additionalName><date>25-6-2009</date><format>bytestream</format><name>nl_1862.sbn</name><size>12228</size></additionalName>

<additionalName><date>25-6-2009</date><format>bytestream</format><name>nl_1862.sbx</name><size>1100</size></additionalName>

<additionalName><date>25-6-2009</date><format>bytestream</format><name>nl_1862.shp</name><size>525000</size></additionalName>

<additionalName><date>25-6-2009</date><format>bytestream</format><name>nl_1862.shx</name><size>9204</size></additionalName>

<additionalName><date>25-6-2009</date><format>bytestream</format><name>nl_1863.dbf</name><size>88926</size></additionalName>

<additionalName><date>25-6-2009</date><format>bytestream</format><name>nl_1863.sbn</name><size>12228</size></additionalName>

<additionalName><date>25-6-2009</date><format>bytestream</format><name>nl_1863.sbx</name><size>1100</size></additionalName>

<additionalName><date>25-6-2009</date><format>bytestream</format><name>nl_1863.shp</name><size>525000</size></additionalName>

<additionalName><date>25-6-2009</date><format>bytestream</format><name>nl_1863.shx</name><size>9204</size></additionalName>

<additionalName><date>25-6-2009</date><format>bytestream</format><name>nl_1864.dbf</name><size>88770</size></additionalName>

<additionalName><date>25-6-2009</date><format>bytestream</format><name>nl_1864.sbn</name><size>12212</size></additionalName>

<additionalName><date>25-6-2009</date><format>bytestream</format><name>nl_1864.sbx</name><size>1100</size></additionalName>

<additionalName><date>25-6-2009</date><format>bytestream</format><name>nl_1864.shp</name><size>524536</size></additionalName>

<additionalName><date>25-6-2009</date><format>bytestream</format><name>nl_1864.shx</name><size>9188</size></additionalName>

<additionalName><date>25-6-2009</date><format>bytestream</format><name>nl_1865.dbf</name><size>88770</size></additionalName>

<additionalName><date>25-6-2009</date><format>bytestream</format><name>nl_1865.sbn</name><size>12212</size></additionalName>

<additionalName><date>25-6-2009</date><format>bytestream</format><name>nl_1865.sbx</name><size>1100</size></additionalName>

<additionalName><date>25-6-2009</date><format>bytestream</format><name>nl_1865.shp</name><size>524472</size></additionalName>

<additionalName><date>25-6-2009</date><format>bytestream</format><name>nl_1865.shx</name><size>9188</size></additionalName>

<additionalName><date>25-6-2009</date><format>bytestream</format><name>nl_1866.dbf</name><size>88692</size></additionalName>

<additionalName><date>25-6-2009</date><format>bytestream</format><name>nl_1866.sbn</name><size>12204</size></additionalName>

<additionalName><date>25-6-2009</date><format>bytestream</format><name>nl_1866.sbx</name><size>1100</size></additionalName>

<additionalName><date>25-6-2009</date><format>bytestream</format><name>nl_1866.shp</name><size>524272</size></additionalName>

<additionalName><date>25-6-2009</date><format>bytestream</format><name>nl_1866.shx</name><size>9180</size></additionalName>

<additionalName><date>25-6-2009</date><format>bytestream</format><name>nl_1867.dbf</name><size>88692</size></additionalName>

<additionalName><date>25-6-2009</date><format>bytestream</format><name>nl_1867.sbn</name><size>12204</size></additionalName>

<additionalName><date>25-6-2009</date><format>bytestream</format><name>nl_1867.sbx</name><size>1100</size></additionalName>

<additionalName><date>25-6-2009</date><format>bytestream</format><name>nl_1867.shp</name><size>524228</size></additionalName>

<additionalName><date>25-6-2009</date><format>bytestream</format><name>nl_1867.shx</name><size>9180</size></additionalName>

<additionalName><date>25-6-2009</date><format>bytestream</format><name>nl_1868.dbf</name><size>88614</size></additionalName>

<additionalName><date>25-6-2009</date><format>bytestream</format><name>nl_1868.sbn</name><size>12196</size></additionalName>

<additionalName><date>25-6-2009</date><format>bytestream</format><name>nl_1868.sbx</name><size>1100</size></additionalName>

<additionalName><date>25-6-2009</date><format>bytestream</format><name>nl_1868.shp</name><size>523768</size></additionalName>

<additionalName><date>25-6-2009</date><format>bytestream</format><name>nl_1868.shx</name><size>9172</size></additionalName>

<additionalName><date>25-6-2009</date><format>bytestream</format><name>nl_1869.dbf</name><size>88614</size></additionalName>

<additionalName><date>25-6-2009</date><format>bytestream</format><name>nl_1869.sbn</name><size>12196</size></additionalName>

<additionalName><date>25-6-2009</date><format>bytestream</format><name>nl_1869.sbx</name><size>1100</size></additionalName>

<additionalName><date>25-6-2009</date><format>bytestream</format><name>nl_1869.shp</name><size>523768</size></additionalName>

<additionalName><date>25-6-2009</date><format>bytestream</format><name>nl_1869.shx</name><size>9172</size></additionalName>

<additionalName><date>25-6-2009</date><format>bytestream</format><name>nl_1870.dbf</name><size>88614</size></additionalName>

<additionalName><date>25-6-2009</date><format>bytestream</format><name>nl_1870.sbn</name><size>12196</size></additionalName>

<additionalName><date>25-6-2009</date><format>bytestream</format><name>nl_1870.sbx</name><size>1100</size></additionalName>

<additionalName><date>25-6-2009</date><format>bytestream</format><name>nl_1870.shp</name><size>523884</size></additionalName>

<additionalName><date>25-6-2009</date><format>bytestream</format><name>nl_1870.shx</name><size>9172</size></additionalName>

<additionalName><date>25-6-2009</date><format>bytestream</format><name>nl_1871.dbf</name><size>88380</size></additionalName>

<additionalName><date>25-6-2009</date><format>bytestream</format><name>nl_1871.sbn</name><size>12172</size></additionalName>

<additionalName><date>25-6-2009</date><format>bytestream</format><name>nl_1871.sbx</name><size>1100</size></additionalName>

<additionalName><date>25-6-2009</date><format>bytestream</format><name>nl_1871.shp</name><size>523188</size></additionalName>

<additionalName><date>25-6-2009</date><format>bytestream</format><name>nl_1871.shx</name><size>9148</size></additionalName>

<additionalName><date>25-6-2009</date><format>bytestream</format><name>nl_1872.dbf</name><size>88380</size></additionalName>

<additionalName><date>25-6-2009</date><format>bytestream</format><name>nl_1872.sbn</name><size>12172</size></additionalName>

<additionalName><date>25-6-2009</date><format>bytestream</format><name>nl_1872.sbx</name><size>1100</size></additionalName>

<additionalName><date>25-6-2009</date><format>bytestream</format><name>nl_1872.shp</name><size>523464</size></additionalName>

<additionalName><date>25-6-2009</date><format>bytestream</format><name>nl_1872.shx</name><size>9148</size></additionalName>

<additionalName><date>25-6-2009</date><format>bytestream</format><name>nl_1873.dbf</name><size>88380</size></additionalName>

<additionalName><date>25-6-2009</date><format>bytestream</format><name>nl_1873.sbn</name><size>12172</size></additionalName>

<additionalName><date>25-6-2009</date><format>bytestream</format><name>nl_1873.sbx</name><size>1100</size></additionalName>

<additionalName><date>25-6-2009</date><format>bytestream</format><name>nl_1873.shp</name><size>523628</size></additionalName>

<additionalName><date>25-6-2009</date><format>bytestream</format><name>nl_1873.shx</name><size>9148</size></additionalName>

<additionalName><date>25-6-2009</date><format>bytestream</format><name>nl_1874.dbf</name><size>88302</size></additionalName>

<additionalName><date>25-6-2009</date><format>bytestream</format><name>nl_1874.sbn</name><size>12164</size></additionalName>

<additionalName><date>25-6-2009</date><format>bytestream</format><name>nl_1874.sbx</name><size>1100</size></additionalName>

<additionalName><date>25-6-2009</date><format>bytestream</format><name>nl_1874.shp</name><size>523428</size></additionalName>

<additionalName><date>25-6-2009</date><format>bytestream</format><name>nl_1874.shx</name><size>9140</size></additionalName>

<additionalName><date>25-6-2009</date><format>bytestream</format><name>nl_1875.dbf</name><size>88302</size></additionalName>

<additionalName><date>25-6-2009</date><format>bytestream</format><name>nl_1875.sbn</name><size>12164</size></additionalName>

<additionalName><date>25-6-2009</date><format>bytestream</format><name>nl_1875.sbx</name><size>1100</size></additionalName>

<additionalName><date>25-6-2009</date><format>bytestream</format><name>nl_1875.shp</name><size>524008</size></additionalName>

<additionalName><date>25-6-2009</date><format>bytestream</format><name>nl_1875.shx</name><size>9140</size></additionalName>

<additionalName><date>25-6-2009</date><format>bytestream</format><name>nl_1876.dbf</name><size>88302</size></additionalName>

<additionalName><date>25-6-2009</date><format>bytestream</format><name>nl_1876.sbn</name><size>12164</size></additionalName>

<additionalName><date>25-6-2009</date><format>bytestream</format><name>nl_1876.sbx</name><size>1100</size></additionalName>

<additionalName><date>25-6-2009</date><format>bytestream</format><name>nl_1876.shp</name><size>523960</size></additionalName>

<additionalName><date>25-6-2009</date><format>bytestream</format><name>nl_1876.shx</name><size>9140</size></additionalName>

<additionalName><date>25-6-2009</date><format>bytestream</format><name>nl_1877.dbf</name><size>88302</size></additionalName>

<additionalName><date>25-6-2009</date><format>bytestream</format><name>nl_1877.sbn</name><size>12164</size></additionalName>

<additionalName><date>25-6-2009</date><format>bytestream</format><name>nl_1877.sbx</name><size>1100</size></additionalName>

<additionalName><date>25-6-2009</date><format>bytestream</format><name>nl_1877.shp</name><size>523800</size></additionalName>

<additionalName><date>25-6-2009</date><format>bytestream</format><name>nl_1877.shx</name><size>9140</size></additionalName>

<additionalName><date>25-6-2009</date><format>bytestream</format><name>nl_1878.dbf</name><size>88224</size></additionalName>

<additionalName><date>25-6-2009</date><format>bytestream</format><name>nl_1878.sbn</name><size>12156</size></additionalName>

<additionalName><date>25-6-2009</date><format>bytestream</format><name>nl_1878.sbx</name><size>1100</size></additionalName>

<additionalName><date>25-6-2009</date><format>bytestream</format><name>nl_1878.shp</name><size>523724</size></additionalName>

<additionalName><date>25-6-2009</date><format>bytestream</format><name>nl_1878.shx</name><size>9132</size></additionalName>

<additionalName><date>25-6-2009</date><format>bytestream</format><name>nl_1879.dbf</name><size>88146</size></additionalName>

<additionalName><date>25-6-2009</date><format>bytestream</format><name>nl_1879.sbn</name><size>12148</size></additionalName>

<additionalName><date>25-6-2009</date><format>bytestream</format><name>nl_1879.sbx</name><size>1100</size></additionalName>

<additionalName><date>25-6-2009</date><format>bytestream</format><name>nl_1879.shp</name><size>523556</size></additionalName>

<additionalName><date>25-6-2009</date><format>bytestream</format><name>nl_1879.shx</name><size>9124</size></additionalName>

<additionalName><date>25-6-2009</date><format>bytestream</format><name>nl_1880.dbf</name><size>88068</size></additionalName>

<additionalName><date>25-6-2009</date><format>bytestream</format><name>nl_1880.sbn</name><size>12140</size></additionalName>

<additionalName><date>25-6-2009</date><format>bytestream</format><name>nl_1880.sbx</name><size>1100</size></additionalName>

<additionalName><date>25-6-2009</date><format>bytestream</format><name>nl_1880.shp</name><size>523324</size></additionalName>

<additionalName><date>25-6-2009</date><format>bytestream</format><name>nl_1880.shx</name><size>9116</size></additionalName>

<additionalName><date>25-6-2009</date><format>bytestream</format><name>nl_1881.dbf</name><size>87912</size></additionalName>

<additionalName><date>25-6-2009</date><format>bytestream</format><name>nl_1881.sbn</name><size>12124</size></additionalName>

<additionalName><date>25-6-2009</date><format>bytestream</format><name>nl_1881.sbx</name><size>1100</size></additionalName>

<additionalName><date>25-6-2009</date><format>bytestream</format><name>nl_1881.shp</name><size>523228</size></additionalName>

<additionalName><date>25-6-2009</date><format>bytestream</format><name>nl_1881.shx</name><size>9100</size></additionalName>

<additionalName><date>25-6-2009</date><format>bytestream</format><name>nl_1882.dbf</name><size>87834</size></additionalName>

<additionalName><date>25-6-2009</date><format>bytestream</format><name>nl_1882.sbn</name><size>12116</size></additionalName>

<additionalName><date>25-6-2009</date><format>bytestream</format><name>nl_1882.sbx</name><size>1100</size></additionalName>

<additionalName><date>25-6-2009</date><format>bytestream</format><name>nl_1882.shp</name><size>522848</size></additionalName>

<additionalName><date>25-6-2009</date><format>bytestream</format><name>nl_1882.shx</name><size>9092</size></additionalName>

<additionalName><date>25-6-2009</date><format>bytestream</format><name>nl_1883.dbf</name><size>87834</size></additionalName>

<additionalName><date>25-6-2009</date><format>bytestream</format><name>nl_1883.sbn</name><size>12116</size></additionalName>

<additionalName><date>25-6-2009</date><format>bytestream</format><name>nl_1883.sbx</name><size>1100</size></additionalName>

<additionalName><date>25-6-2009</date><format>bytestream</format><name>nl_1883.shp</name><size>522848</size></additionalName>

<additionalName><date>25-6-2009</date><format>bytestream</format><name>nl_1883.shx</name><size>9092</size></additionalName>

<additionalName><date>25-6-2009</date><format>bytestream</format><name>nl_1884.dbf</name><size>87834</size></additionalName>

<additionalName><date>25-6-2009</date><format>bytestream</format><name>nl_1884.sbn</name><size>12116</size></additionalName>

<additionalName><date>25-6-2009</date><format>bytestream</format><name>nl_1884.sbx</name><size>1100</size></additionalName>

<additionalName><date>25-6-2009</date><format>bytestream</format><name>nl_1884.shp</name><size>523136</size></additionalName>

<additionalName><date>25-6-2009</date><format>bytestream</format><name>nl_1884.shx</name><size>9092</size></additionalName>

<additionalName><date>25-6-2009</date><format>bytestream</format><name>nl_1885.dbf</name><size>87912</size></additionalName>

<additionalName><date>25-6-2009</date><format>bytestream</format><name>nl_1885.sbn</name><size>12124</size></additionalName>

<additionalName><date>25-6-2009</date><format>bytestream</format><name>nl_1885.sbx</name><size>1100</size></additionalName>

<additionalName><date>25-6-2009</date><format>bytestream</format><name>nl_1885.shp</name><size>523304</size></additionalName>

<additionalName><date>25-6-2009</date><format>bytestream</format><name>nl_1885.shx</name><size>9100</size></additionalName>

<additionalName><date>25-6-2009</date><format>bytestream</format><name>nl_1886.dbf</name><size>87834</size></additionalName>

<additionalName><date>25-6-2009</date><format>bytestream</format><name>nl_1886.sbn</name><size>12116</size></additionalName>

<additionalName><date>25-6-2009</date><format>bytestream</format><name>nl_1886.sbx</name><size>1100</size></additionalName>

<additionalName><date>25-6-2009</date><format>bytestream</format><name>nl_1886.shp</name><size>523248</size></additionalName>

<additionalName><date>25-6-2009</date><format>bytestream</format><name>nl_1886.shx</name><size>9092</size></additionalName>

<additionalName><date>25-6-2009</date><format>bytestream</format><name>nl_1887.dbf</name><size>87756</size></additionalName>

<additionalName><date>25-6-2009</date><format>bytestream</format><name>nl_1887.sbn</name><size>12108</size></additionalName>

<additionalName><date>25-6-2009</date><format>bytestream</format><name>nl_1887.sbx</name><size>1100</size></additionalName>

<additionalName><date>25-6-2009</date><format>bytestream</format><name>nl_1887.shp</name><size>522904</size></additionalName>

<additionalName><date>25-6-2009</date><format>bytestream</format><name>nl_1887.shx</name><size>9084</size></additionalName>

<additionalName><date>25-6-2009</date><format>bytestream</format><name>nl_1888.dbf</name><size>87756</size></additionalName>

<additionalName><date>25-6-2009</date><format>bytestream</format><name>nl_1888.sbn</name><size>12108</size></additionalName>

<additionalName><date>25-6-2009</date><format>bytestream</format><name>nl_1888.sbx</name><size>1100</size></additionalName>

<additionalName><date>25-6-2009</date><format>bytestream</format><name>nl_1888.shp</name><size>522936</size></additionalName>

<additionalName><date>25-6-2009</date><format>bytestream</format><name>nl_1888.shx</name><size>9084</size></additionalName>

<additionalName><date>25-6-2009</date><format>bytestream</format><name>nl_1889.dbf</name><size>87756</size></additionalName>

<additionalName><date>25-6-2009</date><format>bytestream</format><name>nl_1889.sbn</name><size>12108</size></additionalName>

<additionalName><date>25-6-2009</date><format>bytestream</format><name>nl_1889.sbx</name><size>1100</size></additionalName>

<additionalName><date>25-6-2009</date><format>bytestream</format><name>nl_1889.shp</name><size>522936</size></additionalName>

<additionalName><date>25-6-2009</date><format>bytestream</format><name>nl_1889.shx</name><size>9084</size></additionalName>

<additionalName><date>25-6-2009</date><format>bytestream</format><name>nl_1890.dbf</name><size>87756</size></additionalName>

<additionalName><date>25-6-2009</date><format>bytestream</format><name>nl_1890.sbn</name><size>12108</size></additionalName>

<additionalName><date>25-6-2009</date><format>bytestream</format><name>nl_1890.sbx</name><size>1100</size></additionalName>

<additionalName><date>25-6-2009</date><format>bytestream</format><name>nl_1890.shp</name><size>522936</size></additionalName>

<additionalName><date>25-6-2009</date><format>bytestream</format><name>nl_1890.shx</name><size>9084</size></additionalName>

<additionalName><date>25-6-2009</date><format>bytestream</format><name>nl_1891.dbf</name><size>87756</size></additionalName>

<additionalName><date>25-6-2009</date><format>bytestream</format><name>nl_1891.sbn</name><size>12108</size></additionalName>

<additionalName><date>25-6-2009</date><format>bytestream</format><name>nl_1891.sbx</name><size>1100</size></additionalName>

<additionalName><date>25-6-2009</date><format>bytestream</format><name>nl_1891.shp</name><size>522936</size></additionalName>

<additionalName><date>25-6-2009</date><format>bytestream</format><name>nl_1891.shx</name><size>9084</size></additionalName>

<additionalName><date>25-6-2009</date><format>bytestream</format><name>nl_1892.dbf</name><size>87756</size></additionalName>

<additionalName><date>25-6-2009</date><format>bytestream</format><name>nl_1892.sbn</name><size>12108</size></additionalName>

<additionalName><date>25-6-2009</date><format>bytestream</format><name>nl_1892.sbx</name><size>1100</size></additionalName>

<additionalName><date>25-6-2009</date><format>bytestream</format><name>nl_1892.shp</name><size>523252</size></additionalName>

<additionalName><date>25-6-2009</date><format>bytestream</format><name>nl_1892.shx</name><size>9084</size></additionalName>

<additionalName><date>25-6-2009</date><format>bytestream</format><name>nl_1893.dbf</name><size>87756</size></additionalName>

<additionalName><date>25-6-2009</date><format>bytestream</format><name>nl_1893.sbn</name><size>12108</size></additionalName>

<additionalName><date>25-6-2009</date><format>bytestream</format><name>nl_1893.sbx</name><size>1100</size></additionalName>

<additionalName><date>25-6-2009</date><format>bytestream</format><name>nl_1893.shp</name><size>523252</size></additionalName>

<additionalName><date>25-6-2009</date><format>bytestream</format><name>nl_1893.shx</name><size>9084</size></additionalName>

<additionalName><date>25-6-2009</date><format>bytestream</format><name>nl_1894.dbf</name><size>87756</size></additionalName>

<additionalName><date>25-6-2009</date><format>bytestream</format><name>nl_1894.sbn</name><size>12108</size></additionalName>

<additionalName><date>25-6-2009</date><format>bytestream</format><name>nl_1894.sbx</name><size>1100</size></additionalName>

<additionalName><date>25-6-2009</date><format>bytestream</format><name>nl_1894.shp</name><size>523252</size></additionalName>

<additionalName><date>25-6-2009</date><format>bytestream</format><name>nl_1894.shx</name><size>9084</size></additionalName>

<additionalName><date>25-6-2009</date><format>bytestream</format><name>nl_1895.dbf</name><size>87756</size></additionalName>

<additionalName><date>25-6-2009</date><format>bytestream</format><name>nl_1895.sbn</name><size>12108</size></additionalName>

<additionalName><date>25-6-2009</date><format>bytestream</format><name>nl_1895.sbx</name><size>1100</size></additionalName>

<additionalName><date>25-6-2009</date><format>bytestream</format><name>nl_1895.shp</name><size>522932</size></additionalName>

<additionalName><date>25-6-2009</date><format>bytestream</format><name>nl_1895.shx</name><size>9084</size></additionalName>

<additionalName><date>25-6-2009</date><format>bytestream</format><name>nl_1896.dbf</name><size>87600</size></additionalName>

<additionalName><date>25-6-2009</date><format>bytestream</format><name>nl_1896.sbn</name><size>12092</size></additionalName>

<additionalName><date>25-6-2009</date><format>bytestream</format><name>nl_1896.sbx</name><size>1100</size></additionalName>

<additionalName><date>25-6-2009</date><format>bytestream</format><name>nl_1896.shp</name><size>522356</size></additionalName>

<additionalName><date>25-6-2009</date><format>bytestream</format><name>nl_1896.shx</name><size>9068</size></additionalName>

<additionalName><date>25-6-2009</date><format>bytestream</format><name>nl_1897.dbf</name><size>87522</size></additionalName>

<additionalName><date>25-6-2009</date><format>bytestream</format><name>nl_1897.sbn</name><size>12084</size></additionalName>

<additionalName><date>25-6-2009</date><format>bytestream</format><name>nl_1897.sbx</name><size>1100</size></additionalName>

<additionalName><date>25-6-2009</date><format>bytestream</format><name>nl_1897.shp</name><size>522076</size></additionalName>

<additionalName><date>25-6-2009</date><format>bytestream</format><name>nl_1897.shx</name><size>9060</size></additionalName>

<additionalName><date>25-6-2009</date><format>bytestream</format><name>nl_1898.dbf</name><size>87600</size></additionalName>

<additionalName><date>25-6-2009</date><format>bytestream</format><name>nl_1898.sbn</name><size>12092</size></additionalName>

<additionalName><date>25-6-2009</date><format>bytestream</format><name>nl_1898.sbx</name><size>1100</size></additionalName>

<additionalName><date>25-6-2009</date><format>bytestream</format><name>nl_1898.shp</name><size>522516</size></additionalName>

<additionalName><date>25-6-2009</date><format>bytestream</format><name>nl_1898.shx</name><size>9068</size></additionalName>

<additionalName><date>25-6-2009</date><format>bytestream</format><name>nl_1899.dbf</name><size>87600</size></additionalName>

<additionalName><date>25-6-2009</date><format>bytestream</format><name>nl_1899.sbn</name><size>12092</size></additionalName>

<additionalName><date>25-6-2009</date><format>bytestream</format><name>nl_1899.sbx</name><size>1100</size></additionalName>

<additionalName><date>25-6-2009</date><format>bytestream</format><name>nl_1899.shp</name><size>522516</size></additionalName>

<additionalName><date>25-6-2009</date><format>bytestream</format><name>nl_1899.shx</name><size>9068</size></additionalName>

<additionalName><date>25-6-2009</date><format>bytestream</format><name>nl_1900.dbf</name><size>87600</size></additionalName>

<additionalName><date>25-6-2009</date><format>bytestream</format><name>nl_1900.sbn</name><size>12092</size></additionalName>

<additionalName><date>25-6-2009</date><format>bytestream</format><name>nl_1900.sbx</name><size>1100</size></additionalName>

<additionalName><date>25-6-2009</date><format>bytestream</format><name>nl_1900.shp</name><size>522516</size></additionalName>

<additionalName><date>25-6-2009</date><format>bytestream</format><name>nl_1900.shx</name><size>9068</size></additionalName>
</metadata>
