"","Regio","Type","sub_election","RegioCode","RegioUitslag","Kandidaat","AantalStemmen","main_election","Electoraat","Geldig","no_of_candidates","number","voteshare","politician","seats","minvswinner","maxvswinner","margin"
"27","Alkmaar","algemeen",1884-10-28,"KD34","","W. Bos",788,1884-10-28,4034,5316,7,3,0.148231753197893,"0",2,0.294958615500376,"0.294958615500376",-0.146726862302483
"39","Alkmaar","algemeen",1886-06-15,"KD34","","C. Hartsen",1361,1886-06-15,4243,6559,4,3,0.207501143466992,"0",2,0.289373380088428,"0.295471870711999",-0.081872236621436
"40","Alkmaar","algemeen",1886-06-15,"KD34","","H.W. van Marle",1321,1886-06-15,4243,6559,4,4,0.201402652843421,"0",2,0.289373380088428,"0.295471870711999",-0.087970727245007
"67","Alkmaar","algemeen",1891-06-09,"KD34","","A. Goede",1313,1891-06-09,4783,3405,3,2,0.3856093979442,"0",NA,0.480469897209985,"0.480469897209985",-0.094860499265785
"111","Alkmaar","algemeen",1909-06-11,"KD34","","F.C.J. Netscher",2245,1909-06-11,10270,8867,4,3,0.253185970452239,"0",NA,0.401714221269877,"0.401714221269877",-0.148528250817638
"155","Alkmaar","herstemming",1888-03-20,"KD34","","C. Hartsen",1901,1888-03-06,4797,4371,2,2,0.434911919469229,"0",1,0.565088080530771,"0.565088080530771",-0.130176161061542
"190","Alkmaar","herstemming",1903-04-07,"KD34","","G.J. Sybrandy",2995,1901-06-14,8414,6661,2,2,0.449632187359255,"0",1,0.550367812640745,"0.550367812640745",-0.10073562528149
"243","Alkmaar","periodiek",1866-06-12,"KD34","","J.D. van Herwerden",446,1866-06-12,3036,1117,2,2,0.399283795881826,"0",1,0.53088630259624,"0.53088630259624",-0.131602506714414
"333","Alkmaar","tussentijds",1870-10-25,"KD34","","H.G.C.L. Janssens",914,1869-06-08,3154,2011,2,2,0.454500248632521,"0",1,0.538538040775733,"0.538538040775733",-0.084037792143212
"371","Alkmaar","tussentijds",1887-10-25,"KD34","","C. Hartsen",988,1887-09-01,4165,2313,2,2,0.427150886294855,"0",1,0.56463467358409,"0.56463467358409",-0.137483787289235
"408","Almelo","algemeen",1866-10-30,"KD15","","G.A. Vos de Wael",656,1866-10-30,1844,2870,8,2,0.228571428571429,"0",2,0.254703832752613,"0.254703832752613",-0.026132404181184
"421","Almelo","algemeen",1868-01-22,"KD15","","G.A. Vos de Wael",781,1868-01-22,1974,3180,6,2,0.24559748427673,"0",2,0.290251572327044,"0.290251572327044",-0.044654088050314
"433","Almelo","algemeen",1884-10-28,"KD15","","J.E. Stork",1018,1884-10-28,2494,4372,5,3,0.23284537968893,"0",NA,0.25,"0.25",-0.01715462031107
"444","Almelo","algemeen",1886-06-15,"KD15","","A.H. Jannink",1224,1886-06-15,2786,5309,4,4,0.230551893011867,"0",2,0.264644942550386,"0.26577509888868",-0.034093049538519
"466","Almelo","algemeen",1891-06-09,"KD15","","W.H. Dikkers",827,1891-06-09,2360,1957,3,2,0.422585590189065,"0",1,0.556974961676035,"0.556974961676035",-0.13438937148697
"523","Almelo","herstemming",1866-11-13,"KD15","","G.A. Vos de Wael",740,1866-10-30,1844,1627,4,3,0.454824830977259,"0",1,0.561770129071911,"0.561770129071911",-0.106945298094652
"531","Almelo","herstemming",1868-02-04,"KD15","","G.A. Vos de Wael",826,1868-01-22,1974,1701,2,2,0.48559670781893,"0",1,0.51440329218107,"0.51440329218107",-0.02880658436214
"545","Almelo","herstemming",1875-06-22,"KD15","","S.J. baron van Pallandt",1021,1875-06-08,2281,2098,2,2,0.486653956148713,"0",1,0.513346043851287,"0.513346043851287",-0.026692087702574
"566","Almelo","herstemming",1884-05-20,"KD15","","E.J.I. van Sonsbeeck",1135,1883-06-12,2494,2312,2,2,0.490916955017301,"0",1,0.509083044982699,"0.509083044982699",-0.018166089965398
"575","Almelo","herstemming",1884-11-11,"KD15","","J.E. Stork",1082,1884-10-28,2494,4690,4,4,0.230703624733475,"0",2,0.256716417910448,"0.271215351812367",-0.026012793176973
"636","Almelo","periodiek",1875-06-08,"KD15","","S.J. baron van Pallandt",695,1875-06-08,2281,2006,4,2,0.346460618145563,"0",NA,0.427716849451645,"0.427716849451645",-0.081256231306082
"653","Almelo","periodiek",1879-06-10,"KD15","","H.P. Gelderman",747,1879-06-10,2285,1773,3,2,0.421319796954315,"0",1,0.506486181613085,"0.506486181613085",-0.08516638465877
"713","Almelo","tussentijds",1884-05-06,"KD15","","E.J.I. van Sonsbeeck",913,1883-06-12,2494,2045,3,2,0.446454767726161,"0",NA,0.468948655256724,"0.468948655256724",-0.022493887530563
"728","Almelo","tussentijds",1891-07-23,"KD15","","W.H. Dikkers",942,1891-06-09,2360,2175,2,2,0.433103448275862,"0",1,0.564597701149425,"0.564597701149425",-0.131494252873563
"809","Amersfoort","algemeen",1891-06-09,"KD26","","W.H.J. Rooijaards",709,1891-06-09,3059,2152,3,2,0.329460966542751,"0",NA,0.41868029739777,"0.41868029739777",-0.089219330855019
"927","Amersfoort","periodiek",1862-06-10,"KD26","","H. Verloren van Themaat",527,1862-06-10,2801,1264,4,2,0.416930379746835,"0",NA,0.473101265822785,"0.473101265822785",-0.05617088607595
"1090","Amsterdam I","algemeen",1901-06-14,"KD28","","J.F.M. Sterck",959,1901-06-14,4771,2752,5,2,0.348473837209302,"0",NA,0.458575581395349,"0.458575581395349",-0.110101744186047
"1108","Amsterdam I","algemeen",1909-06-11,"KD28","","J.N. Hendrix",1400,1909-06-11,5180,3576,3,2,0.391498881431767,"0",1,0.520693512304251,"0.520693512304251",-0.129194630872484
"1152","Amsterdam II","algemeen",1897-06-15,"KD29","","F.G. Mellink Pzn.",400,1897-06-15,2250,1469,6,2,0.272294077603812,"0",NA,0.281824370319946,"0.281824370319946",-0.00953029271613398
"1153","Amsterdam II","algemeen",1897-06-15,"KD29","","G.A. Aalderink",213,1897-06-15,2250,1469,6,3,0.14499659632403,"0",NA,0.281824370319946,"0.281824370319946",-0.136827773995916
"1181","Amsterdam II","algemeen",1909-06-11,"KD29","","J. Oudegeest",926,1909-06-11,4404,2968,3,2,0.311994609164421,"0",NA,0.41644204851752,"0.41644204851752",-0.104447439353099
"1198","Amsterdam II","algemeen",1917-06-15,"KD29","","Z. Kamerling",639,1917-06-15,5731,1804,3,2,0.354212860310421,"0",NA,0.490576496674058,"0.490576496674058",-0.136363636363637
"1206","Amsterdam II","herstemming",1897-06-25,"KD29","","F.G. Mellink Pzn.",765,1897-06-15,2250,1619,2,2,0.472513897467573,"0",1,0.527486102532427,"0.527486102532427",-0.054972205064854
"1227","Amsterdam II","herstemming",1909-06-23,"KD29","","J. Oudegeest",1554,1909-06-11,4404,3309,2,2,0.469628286491387,"0",1,0.530371713508613,"0.530371713508613",-0.060743427017226
"1264","Amsterdam III","algemeen",1897-06-15,"KD30","","W. Hovy",679,1897-06-15,4566,2794,5,2,0.24302075876879,"0",NA,0.363278453829635,"0.363278453829635",-0.120257695060845
"1361","Amsterdam III","herstemming",1913-11-11,"KD30","","J. Oudegeest",6082,1913-06-17,16516,12797,2,2,0.475267640853325,"0",1,0.524732359146675,"0.524732359146675",-0.04946471829335
"1513","Amsterdam IX","algemeen",1905-06-16,"KD115","","J.G. van Kuykhof",2318,1905-06-16,12748,9559,4,3,0.242493984726436,"0",NA,0.384768281200962,"0.384768281200962",-0.142274296474526
"1576","Amsterdam IX","herstemming",1909-06-23,"KD115","","T. de Vries",6250,1909-06-11,18434,13792,2,2,0.453161252900232,"0",1,0.546838747099768,"0.546838747099768",-0.093677494199536
"1646","Amsterdam V","algemeen",1909-06-11,"KD32","","J.G. van Kuykhof",2145,1909-06-11,12892,9091,4,3,0.235947640523595,"0",NA,0.362336376636234,"0.362336376636234",-0.126388736112639
"1655","Amsterdam V","algemeen",1913-06-17,"KD32","","J. ter Haar jr.",3469,1913-06-17,16136,12796,4,3,0.271100343857455,"0",NA,0.414504532666458,"0.414504532666458",-0.143404188809003
"1678","Amsterdam V","herstemming",1901-06-27,"KD32","","J. Deen",2806,1901-06-14,7840,5745,2,2,0.488424717145344,"0",1,0.511575282854656,"0.511575282854656",-0.023150565709312
"1708","Amsterdam VI","algemeen",1901-06-14,"KD112","","H.W. van Marle",1362,1901-06-14,5148,3326,4,2,0.409500901984366,"0",NA,0.446782922429345,"0.446782922429345",-0.037282020444979
"1717","Amsterdam VI","algemeen",1905-06-16,"KD112","","C. Roëll",1840,1905-06-16,5505,4391,3,2,0.4190389432931,"0",1,0.539740378046003,"0.539740378046003",-0.120701434752903
"1755","Amsterdam VI","herstemming",1901-06-27,"KD112","","H.W. van Marle",1556,1901-06-14,5148,3492,2,2,0.445589919816724,"0",1,0.554410080183276,"0.554410080183276",-0.108820160366552
"1762","Amsterdam VI","herstemming",1909-06-23,"KD112","","H. Verkouteren",2188,1909-06-11,5857,4564,2,2,0.479404031551271,"0",1,0.520595968448729,"0.520595968448729",-0.041191936897458
"1786","Amsterdam VI","tussentijds",1913-07-22,"KD112","","H. Verkouteren",1438,1913-06-17,6048,3844,3,2,0.374089490114464,"0",NA,0.47684703433923,"0.47684703433923",-0.102757544224766
"1878","Amsterdam VIII","algemeen",1901-06-14,"KD114","","A.J.C.J.S. Bergsma",334,1901-06-14,2987,1907,5,3,0.175144205558469,"0",NA,0.312532773990561,"0.312532773990561",-0.137388568432092
"1960","Amsterdam","algemeen",1866-10-30,"KD72","","H.J. Koenen",309,1866-10-30,4249,19871,18,13,0.0155502994313321,"0",6,0.0863570026672035,"0.152584167882844",-0.0708067032358714
"1963","Amsterdam","algemeen",1866-10-30,"KD72","","J. van Eik",299,1866-10-30,4249,19871,18,16,0.015047053495043,"0",6,0.0863570026672035,"0.152584167882844",-0.0713099491721605
"1964","Amsterdam","algemeen",1866-10-30,"KD72","","C.F. Gülcher",277,1866-10-30,4249,19871,18,17,0.0139399124352071,"0",6,0.0863570026672035,"0.152584167882844",-0.0724170902319964
"1965","Amsterdam","algemeen",1866-10-30,"KD72","","C.P. van Eeghen",77,1866-10-30,4249,19871,18,18,0.0038749937094258,"0",6,0.0863570026672035,"0.152584167882844",-0.0824820089577777
"1981","Amsterdam","algemeen",1868-01-22,"KD72","","J. Wertheim",1193,1868-01-22,4322,17442,13,11,0.0683981194817108,"0",6,0.0854259832588006,"0.159672055956886",-0.0170278637770898
"1997","Amsterdam","algemeen",1884-10-28,"KD72","","W. Hovy",834,1884-10-28,5595,23580,18,9,0.0353689567430025,"0",7,0.0801526717557252,"0.105894826123834",-0.0447837150127227
"2000","Amsterdam","algemeen",1884-10-28,"KD72","","A.W. van Beeck Calkoen",777,1884-10-28,5595,23580,18,12,0.0329516539440204,"0",7,0.0801526717557252,"0.105894826123834",-0.0472010178117048
"2004","Amsterdam","algemeen",1884-10-28,"KD72","","H.W. van Marle",332,1884-10-28,5595,23580,18,16,0.0140797285835454,"0",7,0.0801526717557252,"0.105894826123834",-0.0660729431721798
"2019","Amsterdam","algemeen",1886-06-15,"KD72","","C. Hartsen",671,1886-06-15,6059,23069,21,8,0.0290866530842256,"0",7,0.099614200875634,"0.102735272443539",-0.0705275477914084
"2025","Amsterdam","algemeen",1886-06-15,"KD72","","P.H. Smithuijzen",605,1886-06-15,6059,23069,21,14,0.026225670813646,"0",7,0.099614200875634,"0.102735272443539",-0.073388530061988
"2029","Amsterdam","algemeen",1886-06-15,"KD72","","H.W. van Marle",299,1886-06-15,6059,23069,21,18,0.0129611166500499,"0",7,0.099614200875634,"0.102735272443539",-0.0866530842255841
"2030","Amsterdam","algemeen",1886-06-15,"KD72","","W. Hovy",299,1886-06-15,6059,23069,21,19,0.0129611166500499,"0",7,0.099614200875634,"0.102735272443539",-0.0866530842255841
"2045","Amsterdam","algemeen",1887-09-01,"KD72","","W. Hovy",313,1887-09-01,6001,10710,14,8,0.0292250233426704,"0",7,0.103921568627451,"0.112231559290383",-0.0746965452847806
"2047","Amsterdam","algemeen",1887-09-01,"KD72","","H.W. van Marle",298,1887-09-01,6001,10710,14,10,0.0278244631185808,"0",7,0.103921568627451,"0.112231559290383",-0.0760971055088702
"2069","Amsterdam","algemeen",1888-03-06,"KD72","","H. Waller",4970,1888-03-06,20887,140176,36,13,0.0354554274626184,"0",9,0.0617866111174523,"0.0675793288437393",-0.0263311836548339
"2070","Amsterdam","algemeen",1888-03-06,"KD72","","E.J.J. Kuinders",4944,1888-03-06,20887,140176,36,14,0.035269946353156,"0",9,0.0617866111174523,"0.0675793288437393",-0.0265166647642963
"2072","Amsterdam","algemeen",1888-03-06,"KD72","","L.M. Povel",4777,1888-03-06,20887,140176,36,16,0.0340785869193014,"0",9,0.0617866111174523,"0.0675793288437393",-0.0277080241981509
"2073","Amsterdam","algemeen",1888-03-06,"KD72","","J.F. Farensbach",4686,1888-03-06,20887,140176,36,17,0.0334294030361831,"0",9,0.0617866111174523,"0.0675793288437393",-0.0283572080812692
"2074","Amsterdam","algemeen",1888-03-06,"KD72","","J.A.J. van Nederhasselt",4622,1888-03-06,20887,140176,36,18,0.0329728341513526,"0",9,0.0617866111174523,"0.0675793288437393",-0.0288137769660997
"2075","Amsterdam","algemeen",1888-03-06,"KD72","","P.J. Raaymakers",3018,1888-03-06,20887,140176,36,19,0.0215300764752882,"0",9,0.0617866111174523,"0.0675793288437393",-0.0402565346421641
"2077","Amsterdam","algemeen",1888-03-06,"KD72","","V. Bruinsma",2402,1888-03-06,20887,140176,36,21,0.0171356009587947,"0",9,0.0617866111174523,"0.0675793288437393",-0.0446510101586576
"2078","Amsterdam","algemeen",1888-03-06,"KD72","","H.W. van Marle",2182,1888-03-06,20887,140176,36,22,0.0155661454171898,"0",9,0.0617866111174523,"0.0675793288437393",-0.0462204657002625
"2080","Amsterdam","algemeen",1888-03-06,"KD72","","J.C. van Schermbeek",951,1888-03-06,20887,140176,36,24,0.00678432827302819,"0",9,0.0617866111174523,"0.0675793288437393",-0.0550022828444241
"2081","Amsterdam","algemeen",1888-03-06,"KD72","","J.M. Smit",836,1888-03-06,20887,140176,36,25,0.00596393105809839,"0",9,0.0617866111174523,"0.0675793288437393",-0.0558226800593539
"2082","Amsterdam","algemeen",1888-03-06,"KD72","","J.G. Sillem",605,1888-03-06,20887,140176,36,26,0.00431600273941331,"0",9,0.0617866111174523,"0.0675793288437393",-0.057470608378039
"2083","Amsterdam","algemeen",1888-03-06,"KD72","","M.J. van Lennep",581,1888-03-06,20887,140176,36,27,0.00414478940760187,"0",9,0.0617866111174523,"0.0675793288437393",-0.0576418217098504
"2084","Amsterdam","algemeen",1888-03-06,"KD72","","W.A. Paap",576,1888-03-06,20887,140176,36,28,0.00410911996347449,"0",9,0.0617866111174523,"0.0675793288437393",-0.0576774911539778
"2087","Amsterdam","algemeen",1888-03-06,"KD72","","W. baron van Roëll",545,1888-03-06,20887,140176,36,31,0.00388796940988472,"0",9,0.0617866111174523,"0.0675793288437393",-0.0578986417075676
"2088","Amsterdam","algemeen",1888-03-06,"KD72","","J.A. Nieuwenhuis",488,1888-03-06,20887,140176,36,32,0.00348133774683255,"0",9,0.0617866111174523,"0.0675793288437393",-0.0583052733706198
"2089","Amsterdam","algemeen",1888-03-06,"KD72","","D.R. Mansholt",424,1888-03-06,20887,140176,36,33,0.00302476886200205,"0",9,0.0617866111174523,"0.0675793288437393",-0.0587618422554503
"2090","Amsterdam","algemeen",1888-03-06,"KD72","","P.H.A. Schröder",407,1888-03-06,20887,140176,36,34,0.00290349275196895,"0",9,0.0617866111174523,"0.0675793288437393",-0.0588831183654834
"2092","Amsterdam","algemeen",1888-03-06,"KD72","","J.A. Fortuyn",277,1888-03-06,20887,140176,36,36,0.001976087204657,"0",9,0.0617866111174523,"0.0675793288437393",-0.0598105239127953
"2107","Amsterdam","algemeen",1891-06-09,"KD72","","H. Tindal",2754,1891-06-09,22531,119264,42,10,0.0230916286557553,"0",9,0.0575362221625973,"0.0731234907432251",-0.034444593506842
"2108","Amsterdam","algemeen",1891-06-09,"KD72","","W. Hovy",2702,1891-06-09,22531,119264,42,11,0.0226556211430105,"0",9,0.0575362221625973,"0.0731234907432251",-0.0348806010195868
"2110","Amsterdam","algemeen",1891-06-09,"KD72","","D.P.D. Fabius",2519,1891-06-09,22531,119264,42,13,0.0211212100885431,"0",9,0.0575362221625973,"0.0731234907432251",-0.0364150120740542
"2113","Amsterdam","algemeen",1891-06-09,"KD72","","H. Waller",2385,1891-06-09,22531,119264,42,16,0.0199976522672391,"0",9,0.0575362221625973,"0.0731234907432251",-0.0375385698953582
"2114","Amsterdam","algemeen",1891-06-09,"KD72","","W. Heineken",2385,1891-06-09,22531,119264,42,17,0.0199976522672391,"0",9,0.0575362221625973,"0.0731234907432251",-0.0375385698953582
"2115","Amsterdam","algemeen",1891-06-09,"KD72","","H.P.C.W.H.J.B. van Son",2383,1891-06-09,22531,119264,42,18,0.0199808827475181,"0",9,0.0575362221625973,"0.0731234907432251",-0.0375553394150792
"2119","Amsterdam","algemeen",1891-06-09,"KD72","","L. Stevens",2156,1891-06-09,22531,119264,42,22,0.0180775422591897,"0",9,0.0575362221625973,"0.0731234907432251",-0.0394586799034076
"2120","Amsterdam","algemeen",1891-06-09,"KD72","","V. Bruinsma",2063,1891-06-09,22531,119264,42,23,0.0172977595921653,"0",9,0.0575362221625973,"0.0731234907432251",-0.040238462570432
"2121","Amsterdam","algemeen",1891-06-09,"KD72","","H. Muller",1870,1891-06-09,22531,119264,42,24,0.0156795009390931,"0",9,0.0575362221625973,"0.0731234907432251",-0.0418567212235042
"2123","Amsterdam","algemeen",1891-06-09,"KD72","","P. Sträter",1377,1891-06-09,22531,119264,42,26,0.0115458143278777,"0",9,0.0575362221625973,"0.0731234907432251",-0.0459904078347196
"2124","Amsterdam","algemeen",1891-06-09,"KD72","","P.J. Raaymakers",1340,1891-06-09,22531,119264,42,27,0.01123557821304,"0",9,0.0575362221625973,"0.0731234907432251",-0.0463006439495573
"2127","Amsterdam","algemeen",1891-06-09,"KD72","","J.H. Fahrensbach",1233,1891-06-09,22531,119264,42,30,0.0103384089079689,"0",9,0.0575362221625973,"0.0731234907432251",-0.0471978132546284
"2131","Amsterdam","algemeen",1891-06-09,"KD72","","W. Koch",1130,1891-06-09,22531,119264,42,34,0.00947477864233968,"0",9,0.0575362221625973,"0.0731234907432251",-0.0480614435202576
"2132","Amsterdam","algemeen",1891-06-09,"KD72","","J. Weelink",1052,1891-06-09,22531,119264,42,35,0.00882076737322243,"0",9,0.0575362221625973,"0.0731234907432251",-0.0487154547893749
"2135","Amsterdam","algemeen",1891-06-09,"KD72","","F. van der Goes",504,1891-06-09,22531,119264,42,38,0.00422591896968071,"0",9,0.0575362221625973,"0.0731234907432251",-0.0533103031929166
"2136","Amsterdam","algemeen",1891-06-09,"KD72","","J.A. Fortuyn",436,1891-06-09,22531,119264,42,39,0.00365575529916823,"0",9,0.0575362221625973,"0.0731234907432251",-0.0538804668634291
"2137","Amsterdam","algemeen",1891-06-09,"KD72","","A. Rot",414,1891-06-09,22531,119264,42,40,0.00347129058223772,"0",9,0.0575362221625973,"0.0731234907432251",-0.0540649315803596
"2138","Amsterdam","algemeen",1891-06-09,"KD72","","A. van Emmenes",314,1891-06-09,22531,119264,42,41,0.00263281459618997,"0",9,0.0575362221625973,"0.0731234907432251",-0.0549034075664073
"2139","Amsterdam","algemeen",1891-06-09,"KD72","","G. van Duivenbode",295,1891-06-09,22531,119264,42,42,0.00247350415884089,"0",9,0.0575362221625973,"0.0731234907432251",-0.0550627180037564
"2159","Amsterdam","algemeen",1894-04-10,"KD72","","W. Heineken",2460,1894-04-10,23112,82016,32,15,0.0299941474834179,"0",9,0.0641338275458447,"0.0749487904799064",-0.0341396800624268
"2162","Amsterdam","algemeen",1894-04-10,"KD72","","E.J.J. Kuinders",1741,1894-04-10,23112,82016,32,18,0.0212275653531018,"0",9,0.0641338275458447,"0.0749487904799064",-0.0429062621927429
"2163","Amsterdam","algemeen",1894-04-10,"KD72","","K. Kater",1613,1894-04-10,23112,82016,32,19,0.0196668942645337,"0",9,0.0641338275458447,"0.0749487904799064",-0.044466933281311
"2166","Amsterdam","algemeen",1894-04-10,"KD72","","E.P.F.A. van den Bogaert",1393,1894-04-10,23112,82016,32,22,0.0169844908310574,"0",9,0.0641338275458447,"0.0749487904799064",-0.0471493367147873
"2167","Amsterdam","algemeen",1894-04-10,"KD72","","H.L. Lindaal Jacobs",1301,1894-04-10,23112,82016,32,23,0.015862758486149,"0",9,0.0641338275458447,"0.0749487904799064",-0.0482710690596957
"2168","Amsterdam","algemeen",1894-04-10,"KD72","","H.W. van Marle",1174,1894-04-10,23112,82016,32,24,0.0143142801404604,"0",9,0.0641338275458447,"0.0749487904799064",-0.0498195474053843
"2170","Amsterdam","algemeen",1894-04-10,"KD72","","B.J. Lindeboom",1090,1894-04-10,23112,82016,32,26,0.0132900897385876,"0",9,0.0641338275458447,"0.0749487904799064",-0.0508437378072571
"2176","Amsterdam","algemeen",1894-04-10,"KD72","","T. Mackay",584,1894-04-10,23112,82016,32,32,0.00712056184159188,"0",9,0.0641338275458447,"0.0749487904799064",-0.0570132657042528
"2185","Amsterdam","herstemming",1864-06-28,"KD72","","J.J.A. Santhagens",1152,1864-06-14,4441,5033,4,4,0.228889330419233,"0",2,0.26445459964236,"0.264653288297238",-0.035565269223127
"2203","Amsterdam","herstemming",1871-06-27,"KD72","","J.P. de Bordes",994,1871-06-13,3959,2011,2,2,0.494281452013923,"0",1,0.505718547986077,"0.505718547986077",-0.011437095972154
"2299","Amsterdam","periodiek",1862-06-10,"KD72","","J.D. van Herwerden",506,1862-06-10,4570,4222,5,4,0.119848413074372,"0",3,0.178825201326386,"0.325911890099479",-0.058976788252014
"2310","Amsterdam","periodiek",1864-06-14,"KD72","","J.J.A. Santhagens",695,1864-06-14,4441,5240,8,5,0.13263358778626,"0",3,0.213358778625954,"0.213358778625954",-0.080725190839694
"2334","Amsterdam","periodiek",1869-06-08,"KD72","","G.C.C. Pels Rijcken",767,1869-06-08,3964,7110,9,5,0.107876230661041,"0",3,0.191279887482419,"0.214345991561181",-0.083403656821378
"2335","Amsterdam","periodiek",1869-06-08,"KD72","","H.A. Hartogh",721,1869-06-08,3964,7110,9,6,0.1014064697609,"0",3,0.191279887482419,"0.214345991561181",-0.089873417721519
"2347","Amsterdam","periodiek",1871-06-13,"KD72","","J.P. de Bordes",1127,1871-06-13,3959,7223,9,4,0.156029350685311,"0",3,0.168351100650699,"0.17471964557663",-0.012321749965388
"2362","Amsterdam","periodiek",1873-06-10,"KD72","","A.J.H. van der Toorn",378,1873-06-10,4019,4635,8,5,0.0815533980582524,"0",3,0.179935275080906,"0.267745415318231",-0.0983818770226536
"2365","Amsterdam","periodiek",1873-06-10,"KD72","","W. von Wrangel auf Lindenberg",166,1873-06-10,4019,4635,8,8,0.035814455231931,"0",3,0.179935275080906,"0.267745415318231",-0.144120819848975
"2414","Amsterdam","periodiek",1881-06-14,"KD72","","H.W. van Marle",640,1881-06-14,4993,8633,13,5,0.0741341364531449,"0",4,0.13587397196803,"0.171203521371482",-0.0617398355148851
"2419","Amsterdam","periodiek",1881-06-14,"KD72","","D.P.D. Fabius",245,1881-06-14,4993,8633,13,10,0.0283794741109695,"0",4,0.13587397196803,"0.171203521371482",-0.107494497857061
"2422","Amsterdam","periodiek",1881-06-14,"KD72","","M.J. van Lennep",120,1881-06-14,4993,8633,13,13,0.0139001505849647,"0",4,0.13587397196803,"0.171203521371482",-0.121973821383065
"2432","Amsterdam","periodiek",1883-06-12,"KD72","","H.W. van Marle",611,1883-06-12,5299,5378,6,5,0.113611007809595,"0",3,0.216065451840833,"0.219040535515061",-0.102454444031238
"2559","Amsterdam","tussentijds",1883-03-27,"KD72","","H.W. van Marle",569,1881-06-14,5192,1927,12,22,0.2952776336274,"0",NA,0.425012973533991,"0.425012973533991",-0.129735339906591
"2560","Amsterdam","tussentijds",1883-03-27,"KD72","","H.W. van Marle",569,1881-06-14,5192,1936,12,23,0.293904958677686,"0",NA,0.425012973533991,"0.425012973533991",-0.131108014856305
"2595","Apeldoorn","algemeen",1894-04-10,"KD91","","G.W. Mollerus",676,1894-04-10,2958,1938,3,2,0.348813209494324,"0",NA,0.464396284829721,"0.464396284829721",-0.115583075335397
"2603","Apeldoorn","algemeen",1897-06-15,"KD91","","H.C. van der Houven van Oordt",2164,1897-06-15,6693,4859,3,2,0.445359127392468,"0",1,0.505247993414283,"0.505247993414283",-0.0598888660218149
"2634","Apeldoorn","algemeen",1913-06-17,"KD91","","J. Esmeijer",3155,1913-06-17,10830,8493,4,2,0.371482397268339,"0",NA,0.491228070175439,"0.491228070175439",-0.1197456729071
"2657","Apeldoorn","herstemming",1913-06-25,"KD91","","J. Esmeijer",5007,1913-06-17,10830,10102,2,2,0.495644426846169,"0",1,0.504355573153831,"0.504355573153831",-0.00871114630766195
"2719","Appingedam","algemeen",1888-03-06,"KD3","","W.H. de Savornin Lohman",1224,1888-03-06,3976,3099,3,2,0.394966118102614,"0",1,0.544691836076154,"0.544691836076154",-0.14972571797354
"2740","Appingedam","algemeen",1897-06-15,"KD3","","J. Bouwes",1923,1897-06-15,6976,5583,5,2,0.344438473938743,"0",NA,0.381157084005015,"0.381157084005015",-0.036718610066272
"2758","Appingedam","algemeen",1905-06-16,"KD3","","G.J. Sybrandy",2560,1905-06-16,8305,7171,3,2,0.356993445823456,"0",NA,0.395760702830846,"0.395760702830846",-0.03876725700739
"2774","Appingedam","algemeen",1913-06-17,"KD3","","A. Zijlstra",2341,1913-06-17,9238,7946,4,2,0.294613642084067,"0",NA,0.345708532595016,"0.345708532595016",-0.051094890510949
"2811","Appingedam","herstemming",1909-06-23,"KD3","","A. Zijlstra",3066,1909-06-11,8531,6848,2,2,0.447721962616822,"0",1,0.552278037383178,"0.552278037383178",-0.104556074766356
"2913","Appingedam","periodiek",1883-06-12,"KD3","","J.G. Nederhoed",644,1883-06-12,3346,1566,3,2,0.411238825031928,"0",1,0.533844189016603,"0.533844189016603",-0.122605363984675
"2983","Arnhem","algemeen",1886-06-15,"KD17","","R. baron van Melvil van Lynden",1774,1886-06-15,3891,7281,4,4,0.243647850569977,"0",2,0.252163164400494,"0.253261914572174",-0.00851531383051701
"2999","Arnhem","algemeen",1888-03-06,"KD17","","R. baron van Melvil van Lynden",1029,1888-03-06,3009,2616,3,2,0.393348623853211,"0",1,0.50191131498471,"0.50191131498471",-0.108562691131499
"3015","Arnhem","algemeen",1894-04-10,"KD17","","J.F. Bijleveld",1051,1894-04-10,2786,2387,2,2,0.440301633850021,"0",1,0.557184750733138,"0.557184750733138",-0.116883116883117
"3056","Arnhem","algemeen",1913-06-17,"KD17","","L.M. Hermans",1933,1913-06-17,9044,7949,3,3,0.243175242168826,"0",NA,0.389105547867656,"0.389105547867656",-0.14593030569883
"3121","Arnhem","herstemming",1909-06-23,"KD17","","H.C. Hogerzeil",3183,1909-06-11,8069,6821,2,2,0.466647119190734,"0",1,0.533352880809265,"0.533352880809265",-0.066705761618531
"3309","Assen","algemeen",1866-10-30,"KD5","","D.T. Notten",183,1866-10-30,2247,2773,9,6,0.0659935088351965,"0",NA,0.212044716913091,"0.212044716913091",-0.146051208077895
"3674","Bergen op Zoom","herstemming",1888-03-20,"KD63","","W.H.B. Wilkens",1163,1888-03-06,2860,2466,2,2,0.47161394971614,"0",1,0.528386050283861,"0.528386050283861",-0.056772100567721
"3735","Beverwijk","algemeen",1891-06-09,"KD95","","W. Bos",753,1891-06-09,3640,2984,6,2,0.252345844504021,"0",NA,0.260723860589812,"0.260723860589812",-0.00837801608579103
"3737","Beverwijk","algemeen",1891-06-09,"KD95","","J.J.H. Kervel",618,1891-06-09,3640,2984,6,4,0.207104557640751,"0",NA,0.260723860589812,"0.260723860589812",-0.053619302949061
"3746","Beverwijk","algemeen",1894-04-10,"KD95","","J. van Loenen Martinet",1043,1894-04-10,3718,2609,3,2,0.399770026830203,"0",NA,0.483326945189728,"0.483326945189728",-0.083556918359525
"3763","Beverwijk","algemeen",1901-06-14,"KD95","","J. van Loenen Martinet",3814,1901-06-14,8381,7699,2,2,0.495389011559943,"0",1,0.504610988440057,"0.504610988440057",-0.009221976880114
"3812","Beverwijk","herstemming",1891-06-23,"KD95","","W. Bos",1524,1891-06-09,3640,3257,2,2,0.467915259441204,"0",1,0.532084740558796,"0.532084740558796",-0.064169481117592
"3819","Beverwijk","herstemming",1893-07-04,"KD95","","J. van Loenen Martinet",1277,1891-06-09,3718,2635,2,2,0.484629981024668,"0",1,0.515749525616698,"0.515749525616698",-0.03111954459203
"3826","Beverwijk","herstemming",1894-04-24,"KD95","","J. van Loenen Martinet",1507,1894-04-10,3718,3018,2,2,0.499337309476474,"0",1,0.500331345261763,"0.500331345261763",-0.00099403578528906
"3848","Beverwijk","tussentijds",1893-06-20,"KD95","","C. Hartsen",622,1891-06-09,3718,2594,5,3,0.239784117193524,"0",NA,0.269082498072475,"0.269082498072475",-0.029298380878951
"3866","Bodegraven","algemeen",1888-03-06,"KD97","","A.J.T. Hofman",874,1888-03-06,3896,3528,4,3,0.247732426303855,"0",NA,0.331349206349206,"0.331349206349206",-0.083616780045351
"3885","Bodegraven","algemeen",1894-04-10,"KD97","","J.J. Duynstee",591,1894-04-10,3956,2614,4,4,0.226090283091048,"0",NA,0.296480489671002,"0.296480489671002",-0.070390206579954
"3954","Bodegraven","herstemming",1897-06-25,"KD97","","J.C. von Briel Sasse",2988,1897-06-15,6787,6022,2,2,0.496180670873464,"0",1,0.503819329126536,"0.503819329126536",-0.00763865825307203
"4104","Breda","algemeen",1868-01-22,"KD61","","P.E.A. Janssens",786,1868-01-22,3861,5187,5,4,0.151532677848467,"0",2,0.258723732407943,"0.258723732407943",-0.107191054559476
"4309","Breda","tussentijds",1862-02-25,"KD61","","D. Mulder",359,1860-06-12,3638,2042,5,3,0.175808031341822,"0",NA,0.312438785504407,"0.312438785504407",-0.136630754162585
"4310","Breda","tussentijds",1862-02-25,"KD61","","J.H. van Mierlo",348,1860-06-12,3638,2042,5,4,0.170421155729677,"0",NA,0.312438785504407,"0.312438785504407",-0.14201762977473
"4439","Breukelen","herstemming",1901-06-27,"KD92","","F.J.A.M. Wierdels",2357,1901-06-14,6710,5468,2,2,0.431053401609364,"0",1,0.568946598390636,"0.568946598390636",-0.137893196781272
"4446","Breukelen","herstemming",1909-10-05,"KD92","","J.B.L.C.C. baron van Wijkerslooth de Weerdestei",3161,1909-06-11,7764,6675,2,2,0.473558052434457,"0",1,0.526441947565543,"0.526441947565543",-0.052883895131086
"4522","Brielle","algemeen",1901-06-14,"KD50","","H.C. Vegtel",1936,1901-06-14,5505,4510,3,2,0.429268292682927,"0",NA,0.43880266075388,"0.43880266075388",-0.00953436807095304
"4530","Brielle","algemeen",1905-06-16,"KD50","","Æ. baron van Mackay Thzn.",2678,1905-06-16,7467,6632,3,2,0.403799758745476,"0",1,0.524276236429433,"0.524276236429433",-0.120476477683957
"4538","Brielle","algemeen",1909-06-11,"KD50","","H.C. Vegtel",2632,1909-06-11,7687,6171,3,2,0.426511100307892,"0",NA,0.494733430562308,"0.494733430562308",-0.068222330254416
"4575","Brielle","herstemming",1901-06-27,"KD50","","H.C. Vegtel",2386,1901-06-14,5505,4832,2,2,0.493791390728477,"0",1,0.506208609271523,"0.506208609271523",-0.012417218543046
"4582","Brielle","herstemming",1905-02-03,"KD50","","H.C. Vegtel",2440,1901-06-14,7467,5355,2,2,0.455648926237162,"0",1,0.544351073762838,"0.544351073762838",-0.088702147525676
"4589","Brielle","herstemming",1909-06-23,"KD50","","H.C. Vegtel",2927,1909-06-11,7687,6549,2,2,0.446938463887616,"0",1,0.553061536112384,"0.553061536112384",-0.106123072224768
"4642","Brielle","tussentijds",1905-01-26,"KD50","","H.C. Vegtel",2255,1901-06-14,7467,5061,3,2,0.445564117763288,"0",NA,0.497530132384904,"0.497530132384904",-0.051966014621616
"4688","Delft","algemeen",1886-06-15,"KD45","","A.M. Maas Geesteranus",1279,1886-06-15,3622,6398,4,4,0.199906220693967,"0",2,0.284776492653954,"0.306345733041575",-0.084870271959987
"4801","Delft","herstemming",1873-06-24,"KD45","","C.J. Vaillant",986,1873-06-10,2874,2173,2,2,0.453750575241601,"0",1,0.546249424758399,"0.546249424758399",-0.092498849516798
"4808","Delft","herstemming",1875-06-22,"KD45","","C.J. Vaillant",1117,1875-06-08,2995,2498,2,2,0.447157726180945,"0",1,0.552842273819055,"0.552842273819055",-0.10568454763811
"4815","Delft","herstemming",1877-06-26,"KD45","","S. Gille Heringa",1060,1877-06-12,3175,2476,2,2,0.4281098546042,"0",1,0.5718901453958,"0.5718901453958",-0.1437802907916
"4829","Delft","herstemming",1883-06-26,"KD45","","A.E.J. Modderman",1385,1883-06-12,3386,2853,2,2,0.485453908166842,"0",1,0.514546091833158,"0.514546091833158",-0.0290921836663161
"4866","Delft","periodiek",1860-06-12,"KD45","","H.G.C.L. Janssens",606,1860-06-12,2859,1404,3,2,0.431623931623932,"0",NA,0.471509971509972,"0.471509971509972",-0.03988603988604
"4913","Delft","periodiek",1873-06-10,"KD45","","C.J. Vaillant",690,1873-06-10,2874,1942,3,2,0.355303810504634,"0",NA,0.463439752832132,"0.463439752832132",-0.108135942327498
"4921","Delft","periodiek",1875-06-08,"KD45","","C.J. Vaillant",926,1875-06-08,2995,2541,3,2,0.364423455332546,"0",NA,0.439197166469894,"0.439197166469894",-0.074773711137348
"4929","Delft","periodiek",1877-06-12,"KD45","","S. Gille Heringa",893,1877-06-12,3175,2311,4,2,0.386412808308092,"0",NA,0.417135439203808,"0.417135439203808",-0.030722630895716
"4953","Delft","periodiek",1883-06-12,"KD45","","A.E.J. Modderman",918,1883-06-12,3386,2684,3,2,0.342026825633383,"0",NA,0.384128166915052,"0.384128166915052",-0.042101341281669
"4990","Den Helder","algemeen",1888-03-06,"KD94","","H.W. van Marle",973,1888-03-06,3627,2768,3,2,0.351517341040462,"0",NA,0.38728323699422,"0.38728323699422",-0.035765895953758
"4991","Den Helder","algemeen",1888-03-06,"KD94","","D.C. Loman",705,1888-03-06,3627,2768,3,3,0.254696531791907,"0",NA,0.38728323699422,"0.38728323699422",-0.132586705202313
"5023","Den Helder","algemeen",1901-06-14,"KD94","","C.S. Jaring",2138,1901-06-14,6816,5207,3,2,0.410601113885155,"0",1,0.515267908584598,"0.515267908584598",-0.104666794699443
"5049","Den Helder","algemeen",1913-06-17,"KD94","","C. Thomassen",2171,1913-06-17,9031,7330,4,2,0.296180081855389,"0",NA,0.378990450204638,"0.378990450204638",-0.082810368349249
"5072","Den Helder","herstemming",1894-11-13,"KD94","","J.J. Kraakman",1003,1894-04-10,3711,2257,2,2,0.444395214887018,"0",1,0.555604785112982,"0.555604785112982",-0.111209570225964
"5100","Den Helder","herstemming",1917-05-22,"KD94","","C. Thomassen",2748,1913-06-17,9953,6089,2,2,0.451305633108885,"0",1,0.548694366891115,"0.548694366891115",-0.09738873378223
"5113","Den Helder","tussentijds",1894-10-30,"KD94","","J.J. Kraakman",281,1894-04-10,3711,1948,9,2,0.144250513347023,"0",NA,0.286447638603696,"0.286447638603696",-0.142197125256673
"5134","Den Helder","tussentijds",1917-05-15,"KD94","","C. Thomassen",2128,1913-06-17,9953,6385,3,2,0.333281127642913,"0",NA,0.354581049334377,"0.354581049334377",-0.021299921691464
"5156","Deventer","algemeen",1868-01-22,"KD14","","W.A.A.J. baron van Schimmelpenninck van der Oye",766,1868-01-22,2719,3657,4,3,0.209461307082308,"0",2,0.28848783155592,"0.310090237899918",-0.079026524473612
"5157","Deventer","algemeen",1868-01-22,"KD14","","E. baron van Lynden",665,1868-01-22,2719,3657,4,4,0.181843040743779,"0",2,0.28848783155592,"0.310090237899918",-0.106644790812141
"5436","Deventer","tussentijds",1898-02-15,"KD14","","J. van Loenen Martinet",1621,1897-06-15,6697,5261,3,3,0.308116327694355,"0",NA,0.351644174111386,"0.351644174111386",-0.043527846417031
"5484","Doetinchem","algemeen",1897-06-15,"KD21","","H.A. Pauwen",2380,1897-06-15,8470,7719,4,2,0.308330094571836,"0",NA,0.40406788444099,"0.40406788444099",-0.095737789869154
"5518","Doetinchem","algemeen",1913-06-17,"KD21","","H.P.J. Bloemers",4366,1913-06-17,12706,12010,4,2,0.36353039134055,"0",1,0.506078268109908,"0.506078268109908",-0.142547876769358
"5541","Doetinchem","herstemming",1897-06-25,"KD21","","H.A. Pauwen",3808,1897-06-15,8470,7770,2,2,0.49009009009009,"0",1,0.50990990990991,"0.50990990990991",-0.01981981981982
"5574","Dokkum","algemeen",1884-10-28,"KD8","","J. de Jong",856,1884-10-28,2673,4192,5,4,0.204198473282443,"0",2,0.279580152671756,"0.285543893129771",-0.075381679389313
"5746","Dokkum","periodiek",1873-06-10,"KD8","","W. Reilingh",478,1873-06-10,2542,1783,3,3,0.268087492989344,"0",NA,0.373527762198542,"0.373527762198542",-0.105440269209198
"5774","Dokkum","periodiek",1881-06-14,"KD8","","B.J. Gratama",924,1881-06-14,2774,1946,2,2,0.474820143884892,"0",1,0.517985611510791,"0.517985611510791",-0.043165467625899
"5928","Dordrecht","algemeen",1901-06-14,"KD42","","J.M. Rens",1804,1901-06-14,6161,4667,3,2,0.386543818298693,"0",NA,0.449967859438612,"0.449967859438612",-0.063424041139919
"5999","Dordrecht","herstemming",1879-05-06,"KD42","","G.A. Loeff",522,1877-06-12,2236,1204,2,2,0.433554817275748,"0",1,0.566445182724252,"0.566445182724252",-0.132890365448504
"6013","Dordrecht","herstemming",1888-03-20,"KD42","","R. van der Borch van Verwolde",1286,1888-03-06,2864,2699,2,2,0.476472767691738,"0",1,0.523527232308262,"0.523527232308262",-0.047054464616524
"6027","Dordrecht","herstemming",1897-06-25,"KD42","","J.M. Rens",2166,1897-06-15,5012,4462,2,2,0.485432541461228,"0",1,0.514567458538772,"0.514567458538772",-0.029134917077544
"6034","Dordrecht","herstemming",1901-06-27,"KD42","","J.M. Rens",2415,1901-06-14,6161,4980,2,2,0.484939759036145,"0",1,0.515060240963855,"0.515060240963855",-0.0301204819277101
"6055","Dordrecht","herstemming",1913-06-25,"KD42","","H.C. Hogerzeil",3744,1913-06-17,9867,8378,2,2,0.44688469801862,"0",1,0.55311530198138,"0.55311530198138",-0.10623060396276
"6138","Dordrecht","periodiek",1881-06-14,"KD42","","I. Esser",622,1881-06-14,2411,1315,2,2,0.473003802281369,"0",1,0.514828897338403,"0.514828897338403",-0.041825095057034
"6175","Dordrecht","tussentijds",1879-04-22,"KD42","","G.A. Loeff",314,1877-06-12,2236,1051,5,2,0.298763082778306,"0",NA,0.410085632730733,"0.410085632730733",-0.111322549952427
"6185","Dordrecht","tussentijds",1889-03-26,"KD42","","J.G. van Schaardenburg",1202,1888-03-06,2864,2607,2,2,0.461066359800537,"0",1,0.537782892213272,"0.537782892213272",-0.076716532412735
"6304","Ede","algemeen",1909-06-11,"KD90","","J.W. Rudolph",2522,1909-06-11,7688,5830,4,2,0.432590051457976,"0",NA,0.471526586620926,"0.471526586620926",-0.03893653516295
"6313","Ede","algemeen",1913-06-17,"KD90","","A. baron van Heeckeren van Kell",2656,1913-06-17,8788,6951,5,2,0.382103294490001,"0",1,0.50784059847504,"0.50784059847504",-0.125737303985039
"6640","Elst","algemeen",1888-03-06,"KD22","","J.G. ridder van Rappard",708,1888-03-06,3094,2830,3,3,0.25017667844523,"0",NA,0.390106007067138,"0.390106007067138",-0.139929328621908
"6648","Elst","algemeen",1891-06-09,"KD22","","A.D. Sipman",883,1891-06-09,3158,2855,3,3,0.309281961471103,"0",NA,0.37092819614711,"0.37092819614711",-0.061646234676007
"6734","Elst","herstemming",1894-06-26,"KD22","","E.D. de Meester",1413,1894-04-10,3007,2848,2,2,0.496137640449438,"0",1,0.503862359550562,"0.503862359550562",-0.00772471910112404
"6741","Elst","tussentijds",1894-06-12,"KD22","","E.D. de Meester",1057,1894-04-10,3007,2804,4,2,0.376961483594864,"0",NA,0.495363766048502,"0.495363766048502",-0.118402282453638
"6862","Enkhuizen","algemeen",1897-06-15,"KD93","","H. Raat 2",2710,1897-06-15,7766,7049,5,2,0.384451695275926,"0",1,0.500496524329692,"0.500496524329692",-0.116044829053766
"6897","Enkhuizen","algemeen",1913-06-17,"KD93","","F.C.J. Netscher",4701,1913-06-17,10937,10655,3,2,0.441201313937119,"0",1,0.512717034256218,"0.512717034256218",-0.071515720319099
"6905","Enkhuizen","herstemming",1897-10-26,"KD93","","H. Raat 2",3060,1897-06-15,7766,6941,2,2,0.440858665898286,"0",1,0.559141334101714,"0.559141334101714",-0.118282668203428
"6912","Enkhuizen","herstemming",1905-06-28,"KD93","","N. Sluis",4714,1905-06-16,9717,9531,2,2,0.494596579582415,"0",1,0.505403420417585,"0.505403420417585",-0.01080684083517
"6950","Enschede","algemeen",1891-06-09,"KD16","","J.H.A.M. Essink",853,1891-06-09,2347,2160,5,2,0.394907407407407,"0",NA,0.446759259259259,"0.446759259259259",-0.051851851851852
"6960","Enschede","algemeen",1894-04-10,"KD16","","R.E. Hattink",722,1894-04-10,2212,1935,3,2,0.37312661498708,"0",NA,0.403617571059432,"0.403617571059432",-0.030490956072352
"7019","Enschede","herstemming",1891-06-23,"KD16","","J.H.A.M. Essink",1078,1891-06-09,2347,2216,2,2,0.486462093862816,"0",1,0.513537906137184,"0.513537906137184",-0.0270758122743679
"7026","Enschede","herstemming",1894-04-24,"KD16","","R.E. Hattink",924,1894-04-10,2212,1974,2,2,0.468085106382979,"0",1,0.531408308004053,"0.531408308004053",-0.063323201621074
"7040","Enschede","herstemming",1897-08-24,"KD16","","J.H. ter Veer",3877,1897-06-15,8778,8210,2,2,0.472228989037759,"0",1,0.527771010962241,"0.527771010962241",-0.055542021924482
"7102","Franeker","algemeen",1897-06-15,"KD11","","H. Kamstra",1098,1897-06-15,5651,3681,4,2,0.298288508557457,"0",NA,0.345829937516979,"0.345829937516979",-0.047541428959522
"7103","Franeker","algemeen",1897-06-15,"KD11","","Z. Middelkoop",778,1897-06-15,5651,3681,4,3,0.211355609888617,"0",NA,0.345829937516979,"0.345829937516979",-0.134474327628362
"7164","Franeker","herstemming",1897-06-25,"KD11","","H. Kamstra",1961,1897-06-15,5651,4437,2,2,0.441965291863872,"0",1,0.558034708136128,"0.558034708136128",-0.116069416272256
"7171","Franeker","herstemming",1901-06-27,"KD11","","J.P. Vergouwen",2332,1901-06-14,6226,5339,2,2,0.436785914965349,"0",1,0.563214085034651,"0.563214085034651",-0.126428170069302
"7192","Franeker","herstemming",1909-06-23,"KD11","","C.E. van Koetsveld",3350,1909-06-11,8043,7023,2,2,0.477004129289477,"0",1,0.522995870710523,"0.522995870710523",-0.045991741421046
"7241","Goes","algemeen",1886-06-15,"KD53","","L.A. Bijbau",841,1886-06-15,2926,4331,5,3,0.194181482336643,"0",NA,0.217270838143616,"0.217270838143616",-0.023089355806973
"7243","Goes","algemeen",1886-06-15,"KD53","","W.H.B. Wilkens",829,1886-06-15,2926,4331,5,5,0.191410759639806,"0",NA,0.217270838143616,"0.217270838143616",-0.02586007850381
"7251","Goes","algemeen",1887-09-01,"KD53","","J.L.C. Pompe van Meerdervoort",689,1887-09-01,2893,3732,5,3,0.184619506966774,"0",2,0.289389067524116,"0.309217577706324",-0.104769560557342
"7267","Goes","algemeen",1891-06-09,"KD53","","J.H.C. Heijse",1173,1891-06-09,4022,2892,3,2,0.405601659751037,"0",1,0.539764868603043,"0.539764868603043",-0.134163208852006
"7313","Goes","algemeen",1913-06-17,"KD53","","J.G. Moojen",3206,1913-06-17,8435,7452,3,2,0.430220075147611,"0",1,0.526301663982823,"0.526301663982823",-0.096081588835212
"7342","Goes","herstemming",1879-06-24,"KD53","","W.A. van Hoek",755,1879-06-10,2656,1771,2,2,0.426312817617165,"0",1,0.5742518351214,"0.5742518351214",-0.147939017504235
"7350","Goes","herstemming",1886-06-29,"KD53","","J.L.C. Pompe van Meerdervoort",1067,1886-06-15,2926,4899,4,3,0.217799550928761,"0",2,0.29210042865891,"0.29373341498265",-0.074300877730149
"7351","Goes","herstemming",1886-06-29,"KD53","","L.A. Bijbau",962,1886-06-15,2926,4899,4,4,0.19636660542968,"0",2,0.29210042865891,"0.29373341498265",-0.09573382322923
"7374","Goes","periodiek",1864-06-14,"KD53","","C.J. Pické",207,1864-06-14,1339,930,4,3,0.22258064516129,"0",NA,0.302150537634409,"0.302150537634409",-0.079569892473119
"7375","Goes","periodiek",1864-06-14,"KD53","","O. Verhagen",189,1864-06-14,1339,930,4,4,0.203225806451613,"0",NA,0.302150537634409,"0.302150537634409",-0.098924731182796
"7390","Goes","periodiek",1875-06-08,"KD53","","M.J. de Witt Hamer",531,1875-06-08,1601,1264,2,2,0.420094936708861,"0",1,0.568829113924051,"0.568829113924051",-0.14873417721519
"7397","Goes","periodiek",1879-06-10,"KD53","","W.A. van Hoek",580,1879-06-10,2656,1732,4,2,0.334872979214781,"0",NA,0.419745958429561,"0.419745958429561",-0.08487297921478
"7428","Goes","tussentijds",1890-03-18,"KD53","","J.H.C. Heijse",1153,1888-03-06,4051,2712,2,2,0.425147492625369,"0",1,0.570796460176991,"0.570796460176991",-0.145648967551622
"7478","Gorinchem","algemeen",1886-06-15,"KD41","","C. van Andel",1112,1886-06-15,4088,6348,4,4,0.175173282923756,"0",2,0.320415879017013,"0.324196597353497",-0.145242596093257
"7493","Gorinchem","algemeen",1888-03-06,"KD41","","J.J. van Tienhoven van den Boogaard",1423,1888-03-06,3441,3103,2,2,0.458588462777957,"0",1,0.539477924589107,"0.539477924589107",-0.08088946181115
"7500","Gorinchem","algemeen",1891-06-09,"KD41","","W.F. Tak",1281,1891-06-09,3391,2953,2,2,0.433796139519133,"0",1,0.559431087030139,"0.559431087030139",-0.125634947511006
"7530","Gorinchem","algemeen",1905-06-16,"KD41","","L. van Andel",3401,1905-06-16,7594,6907,2,2,0.49239901549153,"0",1,0.50760098450847,"0.50760098450847",-0.01520196901694
"7545","Gorinchem","algemeen",1913-06-17,"KD41","","P.E. Briët",3683,1913-06-17,8944,7901,3,2,0.466143526135932,"0",NA,0.499050753069232,"0.499050753069232",-0.0329072269333
"7553","Gorinchem","herstemming",1860-06-26,"KD41","","A.J. Korteweg",805,1860-06-12,2868,1690,2,2,0.476331360946746,"0",1,0.523668639053254,"0.523668639053254",-0.047337278106508
"7602","Gorinchem","herstemming",1913-06-25,"KD41","","P.E. Briët",3987,1913-06-17,8944,8248,2,2,0.483389912706111,"0",1,0.516731328806983,"0.516731328806983",-0.033341416100872
"7680","Gorinchem","periodiek",1879-06-10,"KD41","","G.J.G. Klerck",821,1879-06-10,3594,1956,2,2,0.419734151329243,"0",1,0.564928425357873,"0.564928425357873",-0.14519427402863
"7779","Gouda","algemeen",1884-10-28,"KD40","","J. van der Breggen",1177,1884-10-28,3904,5853,4,3,0.201093456347172,"0",2,0.296941739279002,"0.301725610797881",-0.09584828293183
"7780","Gouda","algemeen",1884-10-28,"KD40","","A.J. Roest",1164,1884-10-28,3904,5853,4,4,0.198872373141978,"0",2,0.296941739279002,"0.301725610797881",-0.098069366137024
"7788","Gouda","algemeen",1886-06-15,"KD40","","A.J. Roest",1632,1886-06-15,4183,7184,4,3,0.2271714922049,"0",2,0.272271714922049,"0.274081291759465",-0.045100222717149
"7789","Gouda","algemeen",1886-06-15,"KD40","","J. Fortuijn Droogleever",1612,1886-06-15,4183,7184,4,4,0.224387527839644,"0",2,0.272271714922049,"0.274081291759465",-0.047884187082405
"7797","Gouda","algemeen",1887-09-01,"KD40","","A.J. Roest",1201,1887-09-01,4127,5736,4,3,0.209379358437936,"0",2,0.288354253835425,"0.289225941422594",-0.078974895397489
"7798","Gouda","algemeen",1887-09-01,"KD40","","J. Fortuijn Droogleever",1189,1887-09-01,4127,5736,4,4,0.207287308228731,"0",2,0.288354253835425,"0.289225941422594",-0.081066945606694
"7866","Gouda","algemeen",1913-06-17,"KD40","","J.A. de Wilde",3841,1913-06-17,10711,9539,5,2,0.40266275290911,"0",NA,0.432644931334521,"0.432644931334521",-0.029982178425411
"7967","Gouda","herstemming",1913-06-25,"KD40","","J.A. de Wilde",4374,1913-06-17,10711,9785,2,2,0.447010730710271,"0",1,0.552989269289729,"0.552989269289729",-0.105978538579458
"7989","Gouda","periodiek",1864-06-14,"KD40","","J.B.L. Wentholt",1001,1864-06-14,3414,2373,3,2,0.421828908554572,"0",1,0.539823008849557,"0.539823008849557",-0.117994100294985
"8004","Gouda","periodiek",1869-06-08,"KD40","","J. Bosscha jr.",1066,1869-06-08,3200,2397,3,2,0.444722569879015,"0",NA,0.468085106382979,"0.468085106382979",-0.023362536503964
"8020","Gouda","periodiek",1873-06-10,"KD40","","J.T. Buys",564,1873-06-10,3448,1903,3,3,0.296374146085129,"0",NA,0.388859695218077,"0.388859695218077",-0.092485549132948
"8040","Gouda","periodiek",1877-06-12,"KD40","","T.C.L. Wijnmalen",1092,1877-06-12,3717,2253,4,8,0.484687083888149,"0",1,0.527740790057701,"0.527740790057701",-0.043053706169552
"8056","Gouda","periodiek",1881-06-14,"KD40","","A.A. van Bergen Ijzendoorn",1243,1881-06-14,3806,2895,2,2,0.429360967184801,"0",1,0.568221070811744,"0.568221070811744",-0.138860103626943
"8086","Gouda","tussentijds",1874-02-13,"KD40","","H.J. van der Heim",686,1873-06-10,3448,2586,3,3,0.265274555297757,"0",NA,0.380897138437742,"0.380897138437742",-0.115622583139985
"8099","Gouda","tussentijds",1877-06-12,"KD40","","T.C.L. Wijnmalen",1092,1877-06-12,3717,2238,4,8,0.487935656836461,"0",1,0.505808757819482,"0.531277926720286",-0.017873100983021
"8121","Gouda","tussentijds",1888-05-15,"KD40","","J. Fortuijn Droogleever",1095,1888-03-06,2915,2549,2,2,0.429580227540212,"0",1,0.567673597489211,"0.567673597489211",-0.138093369948999
"8128","Gouda","tussentijds",1891-11-24,"KD40","","P. van der Breggen",1070,1891-06-09,2985,2457,3,2,0.435490435490435,"0",1,0.537240537240537,"0.537240537240537",-0.101750101750102
"8485","Gulpen","algemeen",1897-06-15,"KD104","","L.H.W. Regout",1552,1897-06-15,5287,3574,3,2,0.434247341913822,"0",1,0.51147174034695,"0.51147174034695",-0.0772243984331279
"8542","Haarlem","algemeen",1866-10-30,"KD33","","H.G. Jansen",583,1866-10-30,2507,3516,7,4,0.165813424345848,"0",NA,0.22127417519909,"0.22127417519909",-0.055460750853242
"8578","Haarlem","algemeen",1886-06-15,"KD33","","M.W. van der Aa",689,1886-06-15,3392,4523,5,4,0.15233252266195,"0",2,0.294936988724298,"0.297147910678753",-0.142604466062348
"8627","Haarlem","algemeen",1901-06-14,"KD33","","W.A.J. van de Kamp",1480,1901-06-14,7133,5050,4,2,0.293069306930693,"0",NA,0.352079207920792,"0.352079207920792",-0.059009900990099
"8688","Haarlem","herstemming",1866-11-13,"KD33","","H.G. Jansen",897,1866-10-30,2507,3794,4,4,0.236425935687928,"0",2,0.268054823405377,"0.268054823405377",-0.031628887717449
"8746","Haarlem","herstemming",1909-06-23,"KD33","","J.H. Thiel",4283,1909-06-11,9807,8622,2,2,0.49675249362097,"0",1,0.50324750637903,"0.50324750637903",-0.00649501275806003
"8762","Haarlem","periodiek",1862-06-10,"KD33","","M. Salvador",132,1862-06-10,1262,728,4,4,0.181318681318681,"0",NA,0.309065934065934,"0.309065934065934",-0.127747252747253
"8918","Haarlem","tussentijds",1900-05-11,"KD33","","L. Modoo",633,1897-06-15,5840,3308,6,4,0.191354292623942,"0",NA,0.226118500604595,"0.226118500604595",-0.034764207980653
"8919","Haarlem","tussentijds",1900-05-11,"KD33","","W.A.J. van de Kamp",268,1897-06-15,5840,3308,6,5,0.0810157194679565,"0",NA,0.226118500604595,"0.226118500604595",-0.145102781136638
"8935","Haarlemmermeer","algemeen",1886-06-15,"KD76","","H.F. Bultman",547,1886-06-15,1761,1445,3,2,0.378546712802768,"0",NA,0.483044982698962,"0.483044982698962",-0.104498269896194
"8949","Haarlemmermeer","algemeen",1888-03-06,"KD76","","H.F. Bultman",978,1888-03-06,3595,3144,3,2,0.311068702290076,"0",NA,0.413486005089059,"0.413486005089059",-0.102417302798983
"8957","Haarlemmermeer","algemeen",1891-06-09,"KD76","","J.B. van Merlen",928,1891-06-09,3718,2850,3,2,0.325614035087719,"0",NA,0.423157894736842,"0.423157894736842",-0.097543859649123
"8973","Haarlemmermeer","algemeen",1897-06-15,"KD76","","G.B.'t Hooft",1950,1897-06-15,7971,6836,4,2,0.285254534815682,"0",NA,0.430076067875951,"0.430076067875951",-0.144821533060269
"8982","Haarlemmermeer","algemeen",1901-06-14,"KD76","","G.B.'t Hooft",2113,1901-06-14,8132,6741,4,2,0.313454977006379,"0",NA,0.46031746031746,"0.46031746031746",-0.146862483311081
"9032","Haarlemmermeer","herstemming",1879-06-24,"KD76","","H.F. Bultman",622,1879-06-10,1493,1295,2,2,0.48030888030888,"0",1,0.51969111969112,"0.51969111969112",-0.03938223938224
"9039","Haarlemmermeer","herstemming",1886-06-29,"KD76","","H.F. Bultman",685,1886-06-15,1761,1531,2,2,0.447419986936643,"0",1,0.551926845199216,"0.551926845199216",-0.104506858262573
"9053","Haarlemmermeer","herstemming",1891-06-23,"KD76","","J.B. van Merlen",1391,1891-06-09,3718,3033,2,2,0.458621826574349,"0",1,0.541048466864491,"0.541048466864491",-0.082426640290142
"9074","Haarlemmermeer","herstemming",1901-06-27,"KD76","","G.B.'t Hooft",3484,1901-06-14,8132,6982,2,2,0.498997421942137,"0",1,0.501002578057863,"0.501002578057863",-0.00200515611572599
"9107","Haarlemmermeer","periodiek",1879-06-10,"KD76","","H.F. Bultman",446,1879-06-10,1493,1222,3,2,0.364975450081833,"0",NA,0.475450081833061,"0.475450081833061",-0.110474631751228
"9335","Hilversum","algemeen",1901-06-14,"KD77","","J.J.B. Fanoy",1235,1901-06-14,7789,5675,5,3,0.217621145374449,"0",NA,0.301321585903084,"0.301321585903084",-0.083700440528635
"9336","Hilversum","algemeen",1901-06-14,"KD77","","J. van Loenen Martinet",892,1901-06-14,7789,5675,5,4,0.157180616740088,"0",NA,0.301321585903084,"0.301321585903084",-0.144140969162996
"9440","Hilversum","tussentijds",1882-05-09,"KD77","","J.F.H. Bekhuis",550,1881-06-14,2109,1312,2,2,0.419207317073171,"0",1,0.554878048780488,"0.554878048780488",-0.135670731707317
"9448","Hilversum","tussentijds",1897-01-26,"KD77","","A.N.J. Fabius",610,1894-04-10,4110,1995,3,3,0.305764411027569,"0",NA,0.357894736842105,"0.357894736842105",-0.052130325814536
"9573","Hoogezand","algemeen",1897-06-15,"KD107","","A. Wiersinga",1380,1897-06-15,5334,3606,4,2,0.382695507487521,"0",NA,0.472823072656683,"0.472823072656683",-0.090127565169162
"9582","Hoogezand","algemeen",1901-06-14,"KD107","","J.W. Rudolph",1102,1901-06-14,5410,3604,3,2,0.305771365149833,"0",NA,0.412319644839068,"0.412319644839068",-0.106548279689235
"9590","Hoogezand","algemeen",1905-06-16,"KD107","","H. de Wilde",1612,1905-06-16,6396,5478,3,2,0.294267981014969,"0",NA,0.423512230741146,"0.423512230741146",-0.129244249726177
"9591","Hoogezand","algemeen",1905-06-16,"KD107","","U.G. Schilthuis Jzn.",1546,1905-06-16,6396,5478,3,3,0.282219788243885,"0",NA,0.423512230741146,"0.423512230741146",-0.141292442497261
"9599","Hoogezand","algemeen",1909-06-11,"KD107","","A. Zijlstra",1583,1909-06-11,6921,5440,3,3,0.290992647058824,"0",NA,0.384375,"0.384375",-0.093382352941176
"9607","Hoogezand","algemeen",1913-06-17,"KD107","","R. Koppe",1645,1913-06-17,7594,6344,3,3,0.259300126103405,"0",NA,0.405895334174023,"0.405895334174023",-0.146595208070618
"9649","Hoogezand","tussentijds",1913-08-04,"KD107","","T. van der Waerden",2445,1913-06-17,7594,5008,2,2,0.488218849840256,"0",1,0.511781150159744,"0.511781150159744",-0.023562300319488
"9656","Hoorn","algemeen",1866-10-30,"KD35","","W. Terpstra",1133,1866-10-30,3489,4558,9,2,0.248573935936814,"0",2,0.290917068889864,"0.290917068889864",-0.04234313295305
"9693","Hoorn","algemeen",1886-06-15,"KD35","","W. Bos",1107,1886-06-15,4405,6352,5,4,0.174275818639798,"0",2,0.306989924433249,"0.308249370277078",-0.132714105793451
"9702","Hoorn","algemeen",1887-09-01,"KD35","","W. Bos",793,1887-09-01,4299,4564,6,3,0.173751095530237,"0",2,0.302147239263804,"0.303461875547765",-0.128396143733567
"9759","Hoorn","algemeen",1909-06-11,"KD35","","C.D. Wesseling",2043,1909-06-11,8145,6894,5,2,0.296344647519582,"0",NA,0.412967798085292,"0.412967798085292",-0.11662315056571
"9769","Hoorn","algemeen",1913-06-17,"KD35","","C.D. Wesseling",2920,1913-06-17,9070,7936,3,2,0.367943548387097,"0",NA,0.486265120967742,"0.486265120967742",-0.118321572580645
"9798","Hoorn","herstemming",1866-11-13,"KD35","","W. Terpstra",1101,1866-10-30,3489,2252,2,2,0.488898756660746,"0",1,0.511101243339254,"0.511101243339254",-0.022202486678508
"9805","Hoorn","herstemming",1874-10-27,"KD35","","C. Bloem",1395,1873-06-10,3802,3055,2,2,0.456628477905074,"0",1,0.543371522094926,"0.543371522094926",-0.086743044189852
"9855","Hoorn","periodiek",1864-06-14,"KD35","","W. Terpstra",172,1864-06-14,3368,1175,7,3,0.146382978723404,"0",NA,0.281702127659574,"0.281702127659574",-0.13531914893617
"9939","Hoorn","tussentijds",1874-10-13,"KD35","","C. Bloem",991,1873-06-10,3802,2224,4,2,0.445593525179856,"0",NA,0.464928057553957,"0.464928057553957",-0.019334532374101
"9964","Hoorn","tussentijds",1912-04-23,"KD35","","H.C. Vegtel",2109,1909-06-11,8446,6399,6,2,0.329582747304266,"0",NA,0.430692295671199,"0.430692295671199",-0.101109548366933
"10028","Kampen","algemeen",1913-06-17,"KD13","","J.C. de Gast",2430,1913-06-17,8093,7042,6,2,0.345072422607214,"0",NA,0.487077534791252,"0.487077534791252",-0.142005112184038
"10046","Kampen","herstemming",1913-06-25,"KD13","","J.C. de Gast",3724,1913-06-17,8093,7601,2,2,0.489935534798053,"0",1,0.510064465201947,"0.510064465201947",-0.020128930403894
"10053","Kampen","tussentijds",1892-05-10,"KD13","","E. van Weede van Dijkveld",1003,1891-06-09,2643,2222,2,2,0.451395139513951,"0",1,0.534653465346535,"0.534653465346535",-0.083258325832584
"10060","Katwijk","algemeen",1888-03-06,"KD96","","J. Maschek",1377,1888-03-06,3861,3535,3,2,0.38953323903819,"0",NA,0.393776520509194,"0.393776520509194",-0.004243281471004
"10068","Katwijk","algemeen",1891-06-09,"KD96","","A. op de Laak",1243,1891-06-09,4138,3397,4,2,0.365911098027671,"0",NA,0.369738004121283,"0.369738004121283",-0.00382690609361197
"10131","Katwijk","herstemming",1888-03-20,"KD96","","J. Maschek",1463,1888-03-06,3861,3178,2,2,0.460352422907489,"0",1,0.539647577092511,"0.539647577092511",-0.079295154185022
"10196","Leeuwarden","algemeen",1868-01-22,"KD7","","J. Binkes",672,1868-01-22,3132,4547,6,4,0.147789751484495,"0",2,0.283263690345283,"0.284363316472399",-0.135473938860788
"10269","Leeuwarden","algemeen",1901-06-14,"KD7","","T. de Vries",1121,1901-06-14,6065,4723,4,3,0.237349142494177,"0",NA,0.360999364810502,"0.360999364810502",-0.123650222316325
"10278","Leeuwarden","algemeen",1905-06-16,"KD7","","T.A. Hettinga",1439,1905-06-16,7553,6280,4,3,0.229140127388535,"0",NA,0.361464968152866,"0.361464968152866",-0.132324840764331
"10287","Leeuwarden","algemeen",1909-06-11,"KD7","","G. Hofstede",1554,1909-06-11,8026,6818,4,3,0.227926078028747,"0",NA,0.372249926664711,"0.372249926664711",-0.144323848635964
"10317","Leeuwarden","herstemming",1865-11-29,"KD7","","A. van Assen",741,1864-06-14,3063,1561,2,2,0.474695707879564,"0",1,0.525304292120436,"0.525304292120436",-0.0506085842408719
"10324","Leeuwarden","herstemming",1893-02-07,"KD7","","J. Troelstra",1279,1891-06-09,3286,2611,2,2,0.489850631941785,"0",1,0.510149368058215,"0.510149368058215",-0.02029873611643
"10338","Leeuwarden","herstemming",1897-08-03,"KD7","","W. Bax",1668,1897-06-15,5366,3609,2,2,0.462177888611804,"0",1,0.537822111388196,"0.537822111388196",-0.075644222776392
"10352","Leeuwarden","herstemming",1905-06-28,"KD7","","F.M. Wibaut",2933,1905-06-16,7553,6462,2,2,0.453884246363355,"0",1,0.546115753636645,"0.546115753636645",-0.09223150727329
"10373","Leeuwarden","periodiek",1860-06-12,"KD7","","J. Hessels Tacoma",500,1860-06-12,2946,1039,2,2,0.481231953801732,"0",NA,0.500481231953802,"0.500481231953802",-0.01924927815207
"10395","Leeuwarden","periodiek",1866-06-12,"KD7","","A. van Assen",681,1866-06-12,3063,1603,3,2,0.424828446662508,"0",1,0.530879600748596,"0.530879600748596",-0.106051154086088
"10462","Leeuwarden","tussentijds",1860-10-30,"KD7","","J. Hessels Tacoma",786,1860-06-12,2946,1656,2,2,0.47463768115942,"0",1,0.506642512077295,"0.506642512077295",-0.032004830917875
"10512","Leeuwarden","tussentijds",1897-07-27,"KD7","","W. Bax",1081,1897-06-15,5366,3669,4,2,0.294630689561188,"0",NA,0.381302807304443,"0.381302807304443",-0.086672117743255
"10513","Leeuwarden","tussentijds",1897-07-27,"KD7","","W.C. van Munster",856,1897-06-15,5366,3669,4,3,0.233306077950395,"0",NA,0.381302807304443,"0.381302807304443",-0.147996729354048
"10524","Leiden","algemeen",1866-10-30,"KD38","","H. van Alphen",721,1866-10-30,2643,3741,6,3,0.192729216786955,"0",2,0.278000534616413,"0.286821705426357",-0.085271317829458
"10536","Leiden","algemeen",1868-01-22,"KD38","","H. van Alphen",578,1868-01-22,2655,3105,5,4,0.186151368760064,"0",2,0.292431561996779,"0.292431561996779",-0.106280193236715
"10545","Leiden","algemeen",1884-10-28,"KD38","","J. van der Breggen",869,1884-10-28,3141,4769,4,3,0.18221849444328,"0",2,0.317047599077375,"0.319144474732648",-0.134829104634095
"10546","Leiden","algemeen",1884-10-28,"KD38","","D. Hartevelt",852,1884-10-28,3141,4769,4,4,0.178653805829314,"0",2,0.317047599077375,"0.319144474732648",-0.138393793248061
"10554","Leiden","algemeen",1886-06-15,"KD38","","J. Rinkes Borger",952,1886-06-15,3307,4785,5,3,0.198955067920585,"0",NA,0.217554858934169,"0.217554858934169",-0.018599791013584
"10566","Leiden","algemeen",1887-09-01,"KD38","","F. Was",810,1887-09-01,3244,5310,6,5,0.152542372881356,"0",NA,0.187193973634652,"0.187193973634652",-0.034651600753296
"10694","Leiden","herstemming",1886-06-29,"KD38","","H. graaf van Limburg Stirum",1338,1886-06-15,3307,5825,4,3,0.229699570815451,"0",2,0.260085836909871,"0.325836909871245",-0.03038626609442
"10695","Leiden","herstemming",1886-06-29,"KD38","","J. Rinkes Borger",1068,1886-06-15,3307,5825,4,4,0.183347639484979,"0",2,0.260085836909871,"0.325836909871245",-0.076738197424892
"10718","Leiden","herstemming",1902-12-02,"KD38","","J. de Lange",2076,1901-06-14,4729,4163,2,2,0.498678837376892,"0",1,0.501321162623108,"0.501321162623108",-0.00264232524621599
"10725","Leiden","herstemming",1905-06-28,"KD38","","T.G. den Houter",2707,1905-06-16,6075,5617,2,2,0.481929855794908,"0",1,0.518070144205092,"0.518070144205092",-0.036140288410184
"10732","Leiden","herstemming",1913-06-25,"KD38","","P.E. Briët",3447,1913-06-17,7460,6986,2,2,0.493415402233037,"0",1,0.506584597766963,"0.506584597766963",-0.013169195533926
"10748","Leiden","periodiek",1862-06-10,"KD38","","P. Bleeker",184,1862-06-10,2604,1123,4,4,0.163846838824577,"0",NA,0.308103294746216,"0.308103294746216",-0.144256455921639
"10806","Leiden","periodiek",1877-06-12,"KD38","","H.A. Neeb",926,1877-06-12,2969,2057,2,2,0.45017015070491,"0",1,0.54691298006806,"0.54691298006806",-0.09674282936315
"10814","Leiden","periodiek",1879-06-10,"KD38","","L.G. Verwer",614,1879-06-10,2794,2138,3,3,0.287184284377923,"0",NA,0.374181478016838,"0.374181478016838",-0.086997193638915
"10860","Leiden","tussentijds",1873-03-18,"KD38","","W.J.F. Nuyens",440,1871-06-13,2792,1745,4,3,0.25214899713467,"0",NA,0.373065902578797,"0.373065902578797",-0.120916905444127
"10911","Lochem","algemeen",1888-03-06,"KD86","","J.G. ridder van Rappard",1394,1888-03-06,3242,2858,2,2,0.487753673897831,"0",1,0.510496850944717,"0.510496850944717",-0.022743177046886
"10958","Lochem","algemeen",1909-06-11,"KD86","","J. Kok",2017,1909-06-11,9406,7951,3,3,0.253678782543076,"0",NA,0.401081624952836,"0.401081624952836",-0.14740284240976
"10965","Lochem","algemeen",1913-06-17,"KD86","","A. baron van Heeckeren van Kell",3283,1913-06-17,10519,9233,3,2,0.35557240333586,"0",NA,0.423589299252681,"0.423589299252681",-0.068016895916821
"11008","Lochem","herstemming",1909-06-23,"KD86","","A. baron van Heeckeren van Kell",3551,1909-06-11,9406,7570,2,2,0.469088507265522,"0",1,0.534874504623514,"0.534874504623514",-0.0657859973579921
"11022","Lochem","tussentijds",1888-10-30,"KD86","","J.G. ridder van Rappard",1450,1888-03-06,3242,2910,2,2,0.498281786941581,"0",1,0.501718213058419,"0.501718213058419",-0.00343642611683803
"11155","Maastricht","algemeen",1868-01-22,"KD64","","L.H. Wenmaekers",762,1868-01-22,2655,4047,4,4,0.1882876204596,"0",2,0.279960464541636,"0.284408203607611",-0.091672844082036
"11249","Maastricht","herstemming",1892-07-12,"KD64","","C. Schreinemacher",914,1891-06-09,2496,2081,2,2,0.439211917347429,"0",1,0.560788082652571,"0.560788082652571",-0.121576165305142
"11256","Maastricht","herstemming",1902-04-15,"KD64","","E.E.E. Sassen",1785,1901-06-14,4995,3874,2,2,0.460764068146618,"0",1,0.539235931853381,"0.539235931853381",-0.078471863706763
"11349","Maastricht","tussentijds",1880-02-03,"KD64","","A.L.E. Roberti",917,1879-06-10,2560,1975,2,2,0.464303797468354,"0",1,0.533164556962025,"0.533164556962025",-0.068860759493671
"11384","Maastricht","tussentijds",1888-05-15,"KD64","","E.F.H.J. de Beaumont",658,1888-03-06,2194,1594,3,2,0.412797992471769,"0",1,0.55771643663739,"0.55771643663739",-0.144918444165621
"11393","Maastricht","tussentijds",1892-06-28,"KD64","","G.A.A. Tripels",474,1891-06-09,2496,1946,4,3,0.243576567317575,"0",NA,0.328365878725591,"0.328365878725591",-0.084789311408016
"11447","Meppel","algemeen",1901-06-14,"KD84","","H. Verkouteren",1785,1901-06-14,5417,4318,3,2,0.413385826771654,"0",1,0.557433997220936,"0.557433997220936",-0.144048170449282
"11499","Middelburg","algemeen",1868-01-22,"KD51","","H.J. van der Heim",823,1868-01-22,2716,3931,4,3,0.209361485627067,"0",2,0.289493767489188,"0.290256932078352",-0.080132281862121
"11575","Middelburg","algemeen",1905-06-16,"KD51","","H. Snijders",3542,1905-06-16,9151,8245,3,2,0.429593693147362,"0",1,0.506973923590055,"0.506973923590055",-0.077380230442693
"11607","Middelburg","herstemming",1862-06-24,"KD51","","W.P. Vis",566,1862-06-10,2556,1182,2,2,0.478849407783418,"0",1,0.521150592216582,"0.521150592216582",-0.042301184433164
"11650","Middelburg","periodiek",1862-06-10,"KD51","","J.G.H. van Tets van Goudriaan",265,1862-06-10,2556,1036,4,3,0.255791505791506,"0",NA,0.356177606177606,"0.356177606177606",-0.1003861003861
"11723","Middelburg","periodiek",1883-06-12,"KD51","","W.J. Snouck Hurgronje",940,1883-06-12,2701,2195,2,2,0.428246013667426,"0",1,0.569476082004556,"0.569476082004556",-0.14123006833713
"11754","Middelburg","tussentijds",1881-11-29,"KD51","","P.C.'t Hooft",968,1881-06-14,2697,1962,2,2,0.493374108053007,"0",1,0.50407747196738,"0.50407747196738",-0.0107033639143729
"11995","Nijmegen","tussentijds",1862-06-10,"KD23","","A. Schouten",787,1862-06-10,2536,2032,5,8,0.387303149606299,"0",1,0.533464566929134,"0.597933070866142",-0.146161417322835
"11996","Nijmegen","tussentijds",1862-06-10,"KD23","","W.C.C. Sassen jr.",784,1862-06-10,2536,2032,5,9,0.385826771653543,"0",1,0.533464566929134,"0.597933070866142",-0.147637795275591
"12052","Ommen","algemeen",1888-03-06,"KD85","","G.J. van der Wijck",844,1888-03-06,2326,1986,2,2,0.424974823766365,"0",1,0.572507552870091,"0.572507552870091",-0.147532729103726
"12089","Ommen","algemeen",1905-06-16,"KD85","","W.J.M. Engelberts",3078,1905-06-16,8078,7189,2,2,0.428154124356656,"0",1,0.572263179858117,"0.572263179858117",-0.144109055501461
"12096","Ommen","algemeen",1909-06-11,"KD85","","H.W. Teesselink",3109,1909-06-11,9026,7250,2,2,0.428827586206897,"0",1,0.571172413793103,"0.571172413793103",-0.142344827586206
"12119","Ommen","herstemming",1891-06-23,"KD85","","E. van Weede van Dijkveld",976,1891-06-09,2419,2135,2,2,0.457142857142857,"0",1,0.542857142857143,"0.542857142857143",-0.085714285714286
"12126","Ommen","herstemming",1912-10-28,"KD85","","H. van der Vegte",3440,1909-06-11,8667,7856,2,2,0.437881873727088,"0",1,0.547988798370672,"0.547988798370672",-0.110106924643584
"12163","Ommen","tussentijds",1912-11-27,"KD85","","H. van der Vegte",3541,1909-06-11,8667,7722,2,2,0.458559958559959,"0",1,0.541440041440041,"0.541440041440041",-0.082880082880082
"12217","Oostburg","algemeen",1909-06-11,"KD100","","P. Dieleman",3274,1909-06-11,8488,7175,3,2,0.456306620209059,"0",1,0.503414634146341,"0.503414634146341",-0.047108013937282
"12225","Oostburg","algemeen",1913-06-17,"KD100","","P. Dieleman",3519,1913-06-17,9328,8456,3,2,0.416154210028382,"0",1,0.557000946073794,"0.557000946073794",-0.140846736045412
"12659","Roermond","tussentijds",1889-06-18,"KD65","","L. Geradts",590,1888-03-06,1770,1510,4,2,0.390728476821192,"0",1,0.50728476821192,"0.50728476821192",-0.116556291390728
"12755","Rotterdam I","herstemming",1905-06-28,"KD46","","J.W. Rudolph",3056,1905-06-16,7357,6652,2,2,0.459410703547805,"0",1,0.540589296452195,"0.540589296452195",-0.08117859290439
"12762","Rotterdam I","herstemming",1905-09-14,"KD46","","D.P.D. Fabius",2885,1905-06-16,7357,5883,2,2,0.490396056433792,"0",1,0.509603943566208,"0.509603943566208",-0.0192078871324159
"12879","Rotterdam II","herstemming",1909-06-23,"KD47","","W.B. van Staveren",4438,1909-06-11,10761,8946,2,2,0.496087636932707,"0",1,0.503912363067293,"0.503912363067293",-0.00782472613458601
"12886","Rotterdam II","herstemming",1913-06-25,"KD47","","W.B. van Staveren",5322,1913-06-17,13625,11451,2,2,0.464762902803249,"0",1,0.535237097196751,"0.535237097196751",-0.0704741943935021
"12893","Rotterdam II","herstemming",1917-12-21,"KD47","","J. Schouten",4669,1917-06-15,17453,9513,2,2,0.490802060338484,"0",1,0.509197939661516,"0.509197939661516",-0.018395879323032
"12900","Rotterdam II","tussentijds",1917-12-14,"KD47","","J. Schouten",3441,1917-06-15,17453,9254,4,2,0.371839204668252,"0",NA,0.392046682515669,"0.392046682515669",-0.020207477847417
"12929","Rotterdam III","algemeen",1905-06-16,"KD116","","K.A. Warmenhoven jr.",1553,1905-06-16,4600,3850,3,2,0.403376623376623,"0",1,0.543636363636364,"0.543636363636364",-0.140259740259741
"12974","Rotterdam III","herstemming",1914-01-14,"KD116","","H. Stulemeijer",1784,1913-06-17,5734,4177,2,2,0.427100790040699,"0",1,0.572899209959301,"0.572899209959301",-0.145798419918602
"12981","Rotterdam III","tussentijds",1914-01-07,"KD116","","H. Stulemeijer",1532,1913-06-17,5734,3814,3,2,0.401678028316728,"0",NA,0.460146827477714,"0.460146827477714",-0.058468799160986
"12989","Rotterdam IV","algemeen",1897-06-15,"KD117","","W.B. van Staveren",1166,1897-06-15,3839,3223,4,2,0.361774744027304,"0",NA,0.468817871548247,"0.468817871548247",-0.107043127520943
"12998","Rotterdam IV","algemeen",1901-06-14,"KD117","","D.P.D. Fabius",1217,1901-06-14,4159,3156,4,2,0.385614702154626,"0",NA,0.49873257287706,"0.49873257287706",-0.113117870722434
"13057","Rotterdam IV","herstemming",1901-06-27,"KD117","","D.P.D. Fabius",1517,1901-06-14,4159,3327,2,2,0.455966336038473,"0",1,0.544033663961527,"0.544033663961527",-0.088067327923054
"13064","Rotterdam IV","herstemming",1905-06-28,"KD117","","J.M. Voorhoeve 2",3057,1905-06-16,7223,6479,2,2,0.471832072850749,"0",1,0.528167927149251,"0.528167927149251",-0.056335854298502
"13104","Rotterdam V","algemeen",1901-06-14,"KD118","","F.J. van Rijswijk",610,1901-06-14,3983,2747,6,2,0.222060429559519,"0",NA,0.318893338187113,"0.318893338187113",-0.096832908627594
"13183","Rotterdam V","herstemming",1910-11-03,"KD118","","H.C. Vegtel",2464,1909-06-11,7831,5216,2,2,0.47239263803681,"0",1,0.52760736196319,"0.52760736196319",-0.05521472392638
"13197","Rotterdam V","tussentijds",1905-09-07,"KD118","","J.P. van Term",1372,1905-06-16,5431,3695,3,2,0.371312584573748,"0",NA,0.494993234100135,"0.494993234100135",-0.123680649526387
"13219","Rotterdam","algemeen",1866-10-30,"KD73","","J. Voorhoeve H Czn.",364,1866-10-30,2935,6651,11,7,0.0547286122387611,"0",3,0.198767102691325,"0.214403849045256",-0.144038490452564
"13232","Rotterdam","algemeen",1868-01-22,"KD73","","D.C.A. graaf van Hogendorp",938,1868-01-22,2994,6917,10,4,0.135607922509759,"0",3,0.186930750325286,"0.192424461471736",-0.051322827815527
"13233","Rotterdam","algemeen",1868-01-22,"KD73","","F. s' Jacob",786,1868-01-22,2994,6917,10,5,0.113633077923955,"0",3,0.186930750325286,"0.192424461471736",-0.073297672401331
"13234","Rotterdam","algemeen",1868-01-22,"KD73","","A.A. Weve",452,1868-01-22,2994,6917,10,6,0.0653462483735724,"0",3,0.186930750325286,"0.192424461471736",-0.121584501951714
"13248","Rotterdam","algemeen",1884-10-28,"KD73","","G. Bahlmann",570,1884-10-28,3715,9930,12,5,0.0574018126888218,"0",4,0.151963746223565,"0.152769385699899",-0.0945619335347432
"13250","Rotterdam","algemeen",1884-10-28,"KD73","","W.H. Jansen",552,1884-10-28,3715,9930,12,7,0.0555891238670695,"0",4,0.151963746223565,"0.152769385699899",-0.0963746223564955
"13255","Rotterdam","algemeen",1884-10-28,"KD73","","J.M. Voorhoeve",396,1884-10-28,3715,9930,12,12,0.0398791540785498,"0",4,0.151963746223565,"0.152769385699899",-0.112084592145015
"13268","Rotterdam","algemeen",1886-06-15,"KD73","","W.H. Jansen",540,1886-06-15,3768,9016,10,8,0.0598935226264419,"0",4,0.162599822537711,"0.163708961845608",-0.102706299911269
"13281","Rotterdam","algemeen",1887-09-01,"KD73","","W.H. Jansen",391,1887-09-01,3755,6476,12,6,0.0603767757875232,"0",4,0.153180975911056,"0.156886967263743",-0.0928042001235328
"13283","Rotterdam","algemeen",1887-09-01,"KD73","","J.J.G. Nollet",390,1887-09-01,3755,6476,12,8,0.0602223594811612,"0",4,0.153180975911056,"0.156886967263743",-0.0929586164298948
"13284","Rotterdam","algemeen",1887-09-01,"KD73","","J.M. Voorhoeve",201,1887-09-01,3755,6476,12,9,0.0310376775787523,"0",4,0.153180975911056,"0.156886967263743",-0.122143298332304
"13285","Rotterdam","algemeen",1887-09-01,"KD73","","T.C.L. Wijnmalen",201,1887-09-01,3755,6476,12,10,0.0310376775787523,"0",4,0.153180975911056,"0.156886967263743",-0.122143298332304
"13287","Rotterdam","algemeen",1887-09-01,"KD73","","A.W. van Beeck Calkoen",200,1887-09-01,3755,6476,12,12,0.0308832612723904,"0",4,0.153180975911056,"0.156886967263743",-0.122297714638666
"13298","Rotterdam","algemeen",1888-03-06,"KD73","","J.M. Voorhoeve",1671,1888-03-06,8373,26133,15,6,0.0639421421191597,"0",5,0.11697853288945,"0.135269582520185",-0.0530363907702903
"13299","Rotterdam","algemeen",1888-03-06,"KD73","","J.C.M.F.H. Maschek",1648,1888-03-06,8373,26133,15,7,0.0630620288524088,"0",5,0.11697853288945,"0.135269582520185",-0.0539165040370412
"13303","Rotterdam","algemeen",1888-03-06,"KD73","","J.J. Jacobson",752,1888-03-06,8373,26133,15,11,0.0287758772433322,"0",5,0.11697853288945,"0.135269582520185",-0.0882026556461178
"13305","Rotterdam","algemeen",1888-03-06,"KD73","","G.P. Ittmann",139,1888-03-06,8373,26133,15,13,0.00531894539471167,"0",5,0.11697853288945,"0.135269582520185",-0.111659587494738
"13307","Rotterdam","algemeen",1888-03-06,"KD73","","J.W. Gunning",87,1888-03-06,8373,26133,15,15,0.00332912409597061,"0",5,0.11697853288945,"0.135269582520185",-0.113649408793479
"13318","Rotterdam","algemeen",1891-06-09,"KD73","","J.M. Voorhoeve",1052,1891-06-09,8318,22851,16,6,0.0460373725438712,"0",5,0.117062710603475,"0.120169795632576",-0.0710253380596038
"13320","Rotterdam","algemeen",1891-06-09,"KD73","","J.C. van de Poll",1033,1891-06-09,8318,22851,16,8,0.0452058990853792,"0",5,0.117062710603475,"0.120169795632576",-0.0718568115180958
"13322","Rotterdam","algemeen",1891-06-09,"KD73","","T.C.L. Wijnmalen",1028,1891-06-09,8318,22851,16,10,0.0449870902805129,"0",5,0.117062710603475,"0.120169795632576",-0.0720756203229621
"13328","Rotterdam","algemeen",1891-06-09,"KD73","","J.A. van Gilse",85,1891-06-09,8318,22851,16,16,0.00371974968272723,"0",5,0.117062710603475,"0.120169795632576",-0.113342960920748
"13341","Rotterdam","algemeen",1894-04-10,"KD73","","J.A. van Gilse",902,1894-04-10,8422,24869,15,8,0.0362700550886646,"0",5,0.137842293618561,"0.139611564598496",-0.101572238529896
"13344","Rotterdam","algemeen",1894-04-10,"KD73","","J.M. Voorhoeve",678,1894-04-10,8422,24869,15,11,0.0272628573726326,"0",5,0.137842293618561,"0.139611564598496",-0.110579436245928
"13370","Rotterdam","herstemming",1879-06-24,"KD73","","W.H. Jansen",754,1879-06-10,3462,4174,4,3,0.180642069956876,"0",2,0.317920459990417,"0.341638715860086",-0.137278390033541
"13378","Rotterdam","herstemming",1880-09-07,"KD73","","M.L. van Deventer",985,1879-06-10,3551,2083,2,2,0.472875660105617,"0",1,0.527124339894383,"0.527124339894383",-0.054248679788766
"13468","Rotterdam","periodiek",1879-06-10,"KD73","","W.H. Jansen",583,1879-06-10,3462,3596,7,3,0.162124582869855,"0",2,0.259454949944383,"0.259454949944383",-0.097330367074528
"13480","Rotterdam","periodiek",1881-06-14,"KD73","","G.P. Ittmann",922,1881-06-14,3642,1938,5,3,0.475748194014448,"0",1,0.508771929824561,"0.519091847265222",-0.033023735810113
"13579","Rotterdam","tussentijds",1880-08-24,"KD73","","M.L. van Deventer",747,1879-06-10,3551,1891,3,2,0.395029085140138,"0",NA,0.425700687466949,"0.425700687466949",-0.030671602326811
"13649","Schiedam","algemeen",1894-04-10,"KD48","","S.A. Maas",781,1894-04-10,2608,2047,3,2,0.381533952125061,"0",NA,0.44894968246214,"0.44894968246214",-0.067415730337079
"13706","Schiedam","herstemming",1888-03-20,"KD48","","L.W. Jansen",1103,1888-03-06,2671,2431,2,2,0.453722747840395,"0",1,0.546277252159605,"0.546277252159605",-0.09255450431921
"13720","Schiedam","herstemming",1894-04-24,"KD48","","S.A. Maas",1042,1894-04-10,2608,2217,2,2,0.47000451059991,"0",1,0.52999548940009,"0.52999548940009",-0.05999097880018
"13734","Schiedam","herstemming",1907-10-22,"KD48","","H.J. Versteeg",3211,1905-06-16,8083,6878,2,2,0.466850828729282,"0",1,0.533149171270718,"0.533149171270718",-0.066298342541436
"13741","Schiedam","tussentijds",1888-11-20,"KD48","","W. Six",1129,1888-03-06,2671,2398,2,2,0.470809007506255,"0",1,0.527522935779816,"0.527522935779816",-0.056713928273561
"13872","Schoterland","herstemming",1909-06-23,"KD81","","J.A. Bergmeyer",2125,1909-06-11,6707,4690,2,2,0.453091684434968,"0",1,0.546908315565032,"0.546908315565032",-0.0938166311300641
"13894","Schoterland","tussentijds",1909-08-03,"KD81","","J.A. Bergmeyer",2219,1909-06-11,6707,4686,2,2,0.473538198890312,"0",1,0.526461801109688,"0.526461801109688",-0.052923602219376
"13972","Sliedrecht","algemeen",1888-03-06,"KD99","","K. van Wijngaarden",1237,1888-03-06,3344,2850,2,2,0.434035087719298,"0",1,0.556140350877193,"0.556140350877193",-0.122105263157895
"14009","Sliedrecht","algemeen",1905-06-16,"KD99","","H. Smissaert",2046,1905-06-16,7135,5878,4,2,0.348077577407281,"0",NA,0.480945899965975,"0.480945899965975",-0.132868322558694
"14026","Sliedrecht","algemeen",1913-06-17,"KD99","","W.W. van der Meulen",2542,1913-06-17,8814,6548,3,2,0.388210140500916,"0",1,0.526114844227245,"0.526114844227245",-0.137904703726329
"14034","Sliedrecht","herstemming",1894-04-24,"KD99","","J.A. van Haaften",1250,1894-04-10,3438,2590,2,2,0.482625482625483,"0",1,0.517374517374517,"0.517374517374517",-0.034749034749034
"14041","Sliedrecht","herstemming",1905-06-28,"KD99","","H. Smissaert",3092,1905-06-16,7135,6362,2,2,0.486010688462748,"0",1,0.513989311537252,"0.513989311537252",-0.027978623074504
"14065","Sneek","algemeen",1866-10-30,"KD10","","J.A. Lycklama à Nijeholt",623,1866-10-30,2958,4735,5,4,0.131573389651531,"0",2,0.259556494192186,"0.260612460401267",-0.127983104540655
"14075","Sneek","algemeen",1868-01-22,"KD10","","B.J. Gratama",658,1868-01-22,3051,4445,6,4,0.148031496062992,"0",2,0.252418447694038,"0.254443194600675",-0.104386951631046
"14088","Sneek","algemeen",1884-10-28,"KD10","","A. Lycklama à Nijeholt",1734,1884-10-28,4698,11888,6,6,0.145861372812921,"0",3,0.183967025572005,"0.184976446837147",-0.038105652759084
"14110","Sneek","algemeen",1887-09-01,"KD10","","K. Kater",1504,1887-09-01,4816,7328,7,6,0.205240174672489,"0",2,0.270605895196507,"0.276200873362445",-0.065365720524018
"14142","Sneek","algemeen",1897-06-15,"KD10","","J.A. van Gilse",1423,1897-06-15,6122,4518,3,2,0.314962372731297,"0",NA,0.418326693227092,"0.418326693227092",-0.103364320495795
"14158","Sneek","algemeen",1905-06-16,"KD10","","C.J. Niemeijer",2020,1905-06-16,7183,6026,4,2,0.335214072353136,"0",NA,0.470793229339529,"0.470793229339529",-0.135579156986393
"14212","Sneek","herstemming",1894-05-25,"KD10","","J.A. van Gilse",1147,1894-04-10,3657,2427,2,2,0.472599917593737,"0",1,0.527400082406263,"0.527400082406263",-0.054800164812526
"14226","Sneek","herstemming",1905-06-28,"KD10","","C.J. Niemeijer",2774,1905-06-16,7183,6407,2,2,0.432963945684408,"0",1,0.567036054315592,"0.567036054315592",-0.134072108631184
"14233","Sneek","periodiek",1860-06-12,"KD10","","L. Britzel",378,1860-06-12,2759,850,2,2,0.444705882352941,"0",1,0.531764705882353,"0.531764705882353",-0.087058823529412
"14249","Sneek","periodiek",1864-06-14,"KD10","","O.Q.J.J. van Swinderen",527,1864-06-14,2919,1607,3,2,0.327940261356565,"0",NA,0.438705662725576,"0.438705662725576",-0.110765401369011
"14267","Sneek","periodiek",1869-06-08,"KD10","","B.J. Gratama",875,1869-06-08,3989,5593,6,4,0.156445556946183,"0",2,0.273019846236367,"0.277489719291972",-0.116574289290184
"14286","Sneek","periodiek",1873-06-10,"KD10","","J. Wolbers",1066,1873-06-10,4153,5024,4,4,0.21218152866242,"0",2,0.277468152866242,"0.282444267515924",-0.065286624203822
"14318","Sneek","periodiek",1881-06-14,"KD10","","W. baron van Heemstra",1823,1881-06-14,4673,7468,4,4,0.244108194965185,"0",2,0.251606855918586,"0.252544188537761",-0.00749866095340102
"14415","Steenwijk","algemeen",1884-10-28,"KD70","","A.J. Dijckmeester",574,1884-10-28,1631,1300,2,2,0.441538461538462,"0",1,0.553076923076923,"0.553076923076923",-0.111538461538461
"14451","Steenwijk","algemeen",1894-04-10,"KD70","","A. Wiersinga",630,1894-04-10,2800,2194,3,3,0.28714676390155,"0",NA,0.380127620783956,"0.380127620783956",-0.092980856882406
"14475","Steenwijk","algemeen",1905-06-16,"KD70","","J.H. Tromp Meesters",3202,1905-06-16,7007,6433,2,2,0.497745997201928,"0",1,0.502254002798072,"0.502254002798072",-0.00450800559614395
"14482","Steenwijk","algemeen",1909-06-11,"KD70","","J. van Gilse",2949,1909-06-11,7550,6775,2,2,0.435276752767528,"0",1,0.564723247232472,"0.564723247232472",-0.129446494464944
"14489","Steenwijk","algemeen",1913-06-17,"KD70","","E. van Ketwich Verschuur",3196,1913-06-17,7976,7268,3,2,0.439735828288387,"0",1,0.511970280682444,"0.511970280682444",-0.072234452394057
"14558","Steenwijk","periodiek",1883-06-12,"KD70","","A.J. Dijckmeester",657,1883-06-12,1646,1433,2,2,0.458478715980461,"0",1,0.538729937194696,"0.538729937194696",-0.0802512212142349
"14597","Tiel","algemeen",1884-10-28,"KD71","","C. Pijnacker Hordijk",1337,1884-10-28,3266,5601,4,4,0.238707373683271,"0",2,0.25513301196215,"0.256561328334226",-0.016425638278879
"14823","Tiel","tussentijds",1877-04-17,"KD71","","P.A.C.H.T.A. Werdmüller von Elgg",586,1875-06-08,3108,1470,3,2,0.398639455782313,"0",1,0.516326530612245,"0.516326530612245",-0.117687074829932
"14895","Tietjerksteradeel","herstemming",1897-06-25,"KD108","","J.D. de Vries",2432,1897-06-15,5968,5104,2,2,0.476489028213166,"0",1,0.523510971786834,"0.523510971786834",-0.047021943573668
"14912","Tilburg","algemeen",1866-10-30,"KD57","","B.H.M. Hanlo",745,1866-10-30,3095,4511,6,4,0.165151851030814,"0",2,0.269119929062292,"0.270671691420971",-0.103968078031478
"15013","Tilburg","herstemming",1864-02-03,"KD57","","D. Mulder",858,1862-06-10,3081,1946,2,2,0.440904419321686,"0",1,0.559095580678314,"0.559095580678314",-0.118191161356628
"15027","Tilburg","herstemming",1901-12-12,"KD57","","A.L.J. van Waesberghe",2399,1901-06-14,5592,4875,2,2,0.492102564102564,"0",1,0.507897435897436,"0.507897435897436",-0.015794871794872
"15232","Utrecht I","herstemming",1909-06-23,"KD110","","H.J.H. baron van Boetzelaer",3564,1909-06-11,8578,7342,2,2,0.485426314355761,"0",1,0.514573685644239,"0.514573685644239",-0.029147371288478
"15257","Utrecht II","algemeen",1901-06-14,"KD111","","J. Oudegeest",903,1901-06-14,4527,3505,4,3,0.257631954350927,"0",NA,0.396576319543509,"0.396576319543509",-0.138944365192582
"15361","Utrecht","algemeen",1884-10-28,"KD25","","J.H. Hora Siccama",649,1884-10-28,3048,4257,5,4,0.152454780361757,"0",2,0.271082922245713,"0.277190509748649",-0.118628141883956
"15417","Utrecht","herstemming",1866-06-26,"KD25","","W.R. Boer",574,1866-06-12,2944,1214,2,2,0.472817133443163,"0",1,0.527182866556837,"0.527182866556837",-0.054365733113674
"15424","Utrecht","herstemming",1866-11-13,"KD25","","H. Verloren van Themaat",763,1866-10-30,2944,1631,2,2,0.467811158798283,"0",1,0.532188841201717,"0.532188841201717",-0.0643776824034339
"15487","Utrecht","periodiek",1866-06-12,"KD25","","W.R. Boer",417,1866-06-12,2944,1718,4,2,0.242724097788126,"0",NA,0.30325960419092,"0.30325960419092",-0.060535506402794
"15489","Utrecht","periodiek",1866-06-12,"KD25","","B.G.A. Pabst",350,1866-06-12,2944,1718,4,4,0.20372526193248,"0",NA,0.30325960419092,"0.30325960419092",-0.09953434225844
"15628","Veendam","algemeen",1905-06-16,"KD78","","G.J. Sybrandy",2050,1905-06-16,7551,6089,3,2,0.33667268845459,"0",NA,0.384299556577435,"0.384299556577435",-0.047626868122845
"15645","Veendam","algemeen",1913-06-17,"KD78","","H. Snijders",2272,1913-06-17,9054,7610,3,2,0.298554533508541,"0",NA,0.414717477003942,"0.414717477003942",-0.116162943495401
"15646","Veendam","algemeen",1913-06-17,"KD78","","F.G. Petersen",2182,1913-06-17,9054,7610,3,3,0.286727989487516,"0",NA,0.414717477003942,"0.414717477003942",-0.127989487516426
"15695","Veendam","herstemming",1913-06-25,"KD78","","H. Snijders",2624,1913-06-17,9054,6096,2,2,0.430446194225722,"0",1,0.569553805774278,"0.569553805774278",-0.139107611548556
"15875","Weert","herstemming",1916-05-04,"KD105","","W.F.W. Kolkman",2935,1913-06-17,8267,5904,2,2,0.497120596205962,"0",1,0.502879403794038,"0.502879403794038",-0.00575880758807595
"15900","Weststellingwerf","algemeen",1901-06-14,"KD109","","H. Blink",885,1901-06-14,5228,3276,3,3,0.27014652014652,"0",NA,0.373015873015873,"0.373015873015873",-0.102869352869353
"15915","Weststellingwerf","algemeen",1909-06-11,"KD109","","H.C. Hogerzeil",1840,1909-06-11,6849,5113,3,2,0.359867005671817,"0",NA,0.361822804615686,"0.361822804615686",-0.00195579894386899
"15923","Weststellingwerf","algemeen",1913-06-17,"KD109","","P. Kohnstamm",2076,1913-06-17,7878,6385,3,2,0.325137039937353,"0",NA,0.413155833985904,"0.413155833985904",-0.088018794048551
"15966","Weststellingwerf","herstemming",1909-06-23,"KD109","","H.C. Hogerzeil",2329,1909-06-11,6849,5226,2,2,0.445656333716035,"0",1,0.554343666283965,"0.554343666283965",-0.10868733256793
"15973","Weststellingwerf","herstemming",1913-06-25,"KD109","","P. Kohnstamm",2497,1913-06-17,7878,5483,2,2,0.455407623563742,"0",1,0.544592376436258,"0.544592376436258",-0.089184752872516
"16196","Winschoten","algemeen",1913-06-17,"KD4","","L.M. Hermans",2303,1913-06-17,8016,5708,3,2,0.403468815697267,"0",NA,0.419761737911703,"0.419761737911703",-0.016292922214436
"16211","Winschoten","herstemming",1878-03-12,"KD4","","D. Mulder Dzn.",748,1877-06-12,2558,1594,2,2,0.469259723964868,"0",1,0.530740276035132,"0.530740276035132",-0.061480552070264
"16222","Winschoten","herstemming",1888-03-20,"KD4","","D.R. Mansholt",1129,1888-03-06,3022,2552,2,2,0.442398119122257,"0",1,0.557601880877743,"0.557601880877743",-0.115203761755486
"16264","Winschoten","herstemming",1913-06-25,"KD4","","L.M. Hermans",2537,1913-06-17,8016,5709,2,2,0.44438605710282,"0",1,0.55561394289718,"0.55561394289718",-0.11122788579436
"16293","Winschoten","periodiek",1877-06-12,"KD4","","J. Freseman Viëtor",308,1877-06-12,1390,719,3,2,0.428372739916551,"0",1,0.506258692628651,"0.506258692628651",-0.0778859527121
"16332","Winschoten","tussentijds",1864-07-18,"KD4","","T. Borgesius",118,1864-06-14,1175,499,5,2,0.236472945891784,"0",NA,0.364729458917836,"0.364729458917836",-0.128256513026052
"16377","Winschoten","tussentijds",1916-06-17,"KD4","","K. Stenhuis",2776,1913-06-17,8858,6160,2,2,0.450649350649351,"0",1,0.549350649350649,"0.549350649350649",-0.098701298701298
"16385","Wolvega","algemeen",1888-03-06,"KD83","","V. Bruinsma",598,1888-03-06,2634,2138,3,3,0.279700654817587,"0",NA,0.391487371375117,"0.391487371375117",-0.11178671655753
"16465","Zaandam","algemeen",1905-06-16,"KD37","","J. Windhouwer",1901,1905-06-16,8980,6902,3,3,0.275427412344248,"0",NA,0.378006374963779,"0.378006374963779",-0.102578962619531
"16472","Zaandam","algemeen",1909-06-11,"KD37","","H.J.C. van Tienen",2571,1909-06-11,10269,8323,3,2,0.308903039769314,"0",NA,0.415234891265169,"0.415234891265169",-0.106331851495855
"16516","Zaandam","herstemming",1909-06-23,"KD37","","H.J.C. van Tienen",4013,1909-06-11,10269,8171,2,2,0.491127157018725,"0",1,0.508872842981275,"0.508872842981275",-0.01774568596255
"16607","Zevenbergen","herstemming",1881-06-28,"KD62","","L. van Rijckevorsel",838,1881-06-14,2134,1732,2,2,0.483833718244804,"0",1,0.515588914549654,"0.515588914549654",-0.0317551963048501
"16635","Zevenbergen","periodiek",1881-06-14,"KD62","","L. van Rijckevorsel",612,1881-06-14,2134,1641,3,2,0.372943327239488,"0",NA,0.382084095063985,"0.382084095063985",-0.00914076782449702
"16653","Zevenbergen","tussentijds",1878-04-23,"KD62","","T.C.L. Wijnmalen",476,1877-06-12,2044,1684,3,3,0.282660332541568,"0",NA,0.385985748218527,"0.385985748218527",-0.103325415676959
"16713","Zierikzee","algemeen",1888-03-06,"KD52","","D.P.D. Fabius",1351,1888-03-06,3457,3155,2,2,0.428209191759113,"0",1,0.569572107765452,"0.569572107765452",-0.141362916006339
"16742","Zierikzee","algemeen",1901-06-14,"KD52","","J.A. de Bruijne",2462,1901-06-14,5919,5175,2,2,0.475748792270531,"0",1,0.524251207729469,"0.524251207729469",-0.048502415458938
"16757","Zierikzee","algemeen",1909-06-11,"KD52","","H.C. Vegtel",3402,1909-06-11,8284,7624,3,2,0.446222455403987,"0",1,0.517313746065058,"0.517313746065058",-0.071091290661071
"16765","Zierikzee","algemeen",1913-06-17,"KD52","","H.C. Hogerzeil",3244,1913-06-17,8974,8129,3,2,0.399065075655062,"0",1,0.536474351088695,"0.536474351088695",-0.137409275433633
"16942","Zuidhorn","algemeen",1913-06-17,"KD69","","A. Zijlstra",3627,1913-06-17,9324,8428,3,2,0.430351210251542,"0",NA,0.488372093023256,"0.488372093023256",-0.058020882771714
"16957","Zuidhorn","herstemming",1869-04-07,"KD69","","E. de Wendt Alberda van Ekenstein",196,1868-01-22,1368,631,3,2,0.310618066561014,"0",NA,0.404120443740095,"0.404120443740095",-0.093502377179081
"16958","Zuidhorn","herstemming",1869-04-07,"KD69","","H.W. Wierda",180,1868-01-22,1368,631,3,3,0.285261489698891,"0",NA,0.404120443740095,"0.404120443740095",-0.118858954041204
"16965","Zuidhorn","herstemming",1869-06-22,"KD69","","H.W. Wierda",304,1869-06-08,1417,667,2,2,0.455772113943028,"0",1,0.544227886056971,"0.544227886056971",-0.088455772113943
"16993","Zuidhorn","herstemming",1901-06-27,"KD69","","J.C. Wirtz",2403,1901-06-14,6421,5214,2,2,0.460874568469505,"0",1,0.539125431530495,"0.539125431530495",-0.07825086306099
"17000","Zuidhorn","herstemming",1905-06-28,"KD69","","D.G. Postma",3323,1905-06-16,7880,7273,2,2,0.456895366423759,"0",1,0.543104633576241,"0.543104633576241",-0.0862092671524819
"17007","Zuidhorn","herstemming",1909-06-23,"KD69","","G. Hofstede",3603,1909-06-11,8647,7757,2,2,0.464483692149027,"0",1,0.535516307850973,"0.535516307850973",-0.071032615701946
"17057","Zuidhorn","periodiek",1881-06-14,"KD69","","B.J. Gratama",272,1881-06-14,1483,653,2,2,0.416539050535988,"0",1,0.563552833078101,"0.563552833078101",-0.147013782542113
"17092","Zutphen","algemeen",1866-10-30,"KD19","","B.A. Reigers",778,1866-10-30,2763,4510,7,4,0.172505543237251,"0",2,0.264523281596452,"0.264523281596452",-0.092017738359201
"17113","Zutphen","algemeen",1884-10-28,"KD19","","K.W. van Gorkom",1496,1884-10-28,3470,6123,5,4,0.244324677445697,"0",2,0.252327290543851,"0.252327290543851",-0.008002613098154
"17123","Zutphen","algemeen",1886-06-15,"KD19","","J.D.C. baron van Heeckeren van Kell",1638,1886-06-15,3746,7145,4,4,0.22925122463261,"0",2,0.265780265920224,"0.269699090272918",-0.036529041287614
"17172","Zutphen","algemeen",1901-06-14,"KD19","","R.P.J. Tutein Nolthenius",1758,1901-06-14,6368,4903,4,2,0.35855598613094,"0",NA,0.448704874566592,"0.448704874566592",-0.0901488884356521
"17226","Zutphen","herstemming",1901-06-27,"KD19","","R.P.J. Tutein Nolthenius",2481,1901-06-14,6368,5355,2,2,0.463305322128852,"0",1,0.536694677871148,"0.536694677871148",-0.073389355742296
"17240","Zutphen","herstemming",1905-08-08,"KD19","","R.P.J. Tutein Nolthenius",2963,1905-06-16,8175,6801,2,2,0.435671224819879,"0",1,0.564328775180121,"0.564328775180121",-0.128657550360242
"17247","Zutphen","herstemming",1909-06-23,"KD19","","A. baron van Heeckeren van Kell",3734,1909-06-11,8550,7874,2,2,0.474218948437897,"0",1,0.525781051562103,"0.525781051562103",-0.0515621031242059
"17348","Zutphen","periodiek",1883-06-12,"KD19","","H.B. van Tets",1558,1883-06-12,3387,3128,2,2,0.498081841432225,"0",1,0.500639386189258,"0.500639386189258",-0.00255754475703296
"17394","Zutphen","tussentijds",1882-12-05,"KD19","","H.B. van Tets",1358,1881-06-14,3369,2783,2,2,0.48796263025512,"0",1,0.507725476104923,"0.507725476104923",-0.019762845849803
"17408","Zutphen","tussentijds",1905-08-01,"KD19","","R.P.J. Tutein Nolthenius",2835,1905-06-16,8175,6795,3,2,0.417218543046358,"0",NA,0.446651949963208,"0.446651949963208",-0.02943340691685
"17436","Zwolle","algemeen",1884-10-28,"KD12","","S.J. van Roijen",1115,1884-10-28,3042,5154,4,3,0.216336825766395,"0",2,0.279782693053939,"0.286185487000388",-0.063445867287544
"17437","Zwolle","algemeen",1884-10-28,"KD12","","D. Wicherlink",1111,1884-10-28,3042,5154,4,4,0.215560729530462,"0",2,0.279782693053939,"0.286185487000388",-0.064221963523477
"17445","Zwolle","algemeen",1886-06-15,"KD12","","R.A. Fockema",1374,1886-06-15,3220,5839,4,3,0.235314266141463,"0",2,0.263230005137866,"0.270765542044871",-0.027915738996403
"17446","Zwolle","algemeen",1886-06-15,"KD12","","D. Wicherlink",1343,1886-06-15,3220,5839,4,4,0.230005137866073,"0",2,0.263230005137866,"0.270765542044871",-0.033224867271793
"17454","Zwolle","algemeen",1887-09-01,"KD12","","R.A. Fockema",1052,1887-09-01,3193,5038,4,3,0.208813021040095,"0",2,0.286224692338229,"0.295156808257245",-0.077411671298134
"17455","Zwolle","algemeen",1887-09-01,"KD12","","D. Wicherlink",1038,1887-09-01,3193,5038,4,4,0.206034140531957,"0",2,0.286224692338229,"0.295156808257245",-0.080190551806272
"17585","Zwolle","herstemming",1897-06-25,"KD12","","J. Hoven",2175,1897-06-15,6087,4726,2,2,0.46022005924672,"0",1,0.53977994075328,"0.53977994075328",-0.07955988150656
